date,ILITOTAL,% WEIGHTED ILI,%UNWEIGHTED ILI,AGE 0-4,AGE 5-24,NUM. OF PROVIDERS,OT
2002-01-01 00:00:00,2060,1.22262,1.16668,582,805,754,176569
2002-01-08 00:00:00,2267,1.33344,1.2165,683,872,785,186355
2002-01-15 00:00:00,2176,1.31929,1.13057,642,878,831,192469
2002-01-22 00:00:00,2599,1.49484,1.2524600000000000,728,1045,863,207512
2002-01-29 00:00:00,2907,1.47195,1.30237,823,1189,909,223208
2002-02-05 00:00:00,3225,1.58094,1.40551,887,1272,930,229454
2002-02-12 00:00:00,3097,1.4942600000000000,1.38437,851,1173,923,223712
2002-02-19 00:00:00,2967,1.4056900000000000,1.3256300000000000,802,1166,922,223818
2002-02-26 00:00:00,2709,1.6141,1.43475,834,978,918,188814
2002-03-05 00:00:00,3049,1.45967,1.25433,857,1117,937,243078
2002-03-12 00:00:00,2957,1.59896,1.25757,804,1179,928,235136
2002-03-19 00:00:00,3416,2.16697,1.58017,951,1404,908,216179
2002-03-26 00:00:00,2857,2.57842,1.9800800000000000,915,937,865,144287
2002-04-02 00:00:00,3260,2.38636,1.90428,1028,1019,879,171193
2002-04-09 00:00:00,3729,1.7362100000000000,1.5901,1068,1296,926,234513
2002-04-16 00:00:00,4204,2.06296,1.81559,1154,1798,902,231550
2002-04-23 00:00:00,5696,2.58113,2.4180100000000000,1373,2998,927,235566
2002-04-30 00:00:00,7079,2.93909,2.86635,1411,4064,884,246969
2002-05-07 00:00:00,7782,3.22539,3.16662,1606,4447,889,245751
2002-05-14 00:00:00,7649,3.06982,3.0155,1568,4224,903,253656
2002-05-21 00:00:00,7228,3.20044,2.9978,1694,3689,871,241110
2002-05-28 00:00:00,5606,2.44888,2.31957,1336,2583,857,241683
2002-06-04 00:00:00,4450,2.1344,1.94707,1015,2103,839,228549
2002-06-11 00:00:00,3810,1.9986600000000000,1.72985,880,1669,835,220250
2002-06-18 00:00:00,2987,1.93849,1.51837,737,1321,795,196724
2002-06-25 00:00:00,2439,1.41293,1.2261600000000000,624,1016,775,198913
2002-07-02 00:00:00,2028,1.23472,1.05433,506,846,741,192349
2002-07-09 00:00:00,2082,1.20005,1.07108,569,799,735,194383
2002-07-16 00:00:00,1467,0.910135,0.8261200000000000,440,539,669,177577
2002-07-23 00:00:00,1445,0.932265,0.8205050000000000,429,508,682,176111
2002-07-30 00:00:00,1075,0.692175,0.630846,275,444,655,170406
2002-08-06 00:00:00,1005,0.6694060000000000,0.63935,215,471,613,157191
2002-08-13 00:00:00,836,0.727705,0.586609,248,283,547,142514
2002-08-20 00:00:00,740,0.717701,0.7730240000000000,264,262,406,95728
2002-08-27 00:00:00,641,0.7893940000000000,0.790743,213,205,393,81063
2002-09-03 00:00:00,563,0.722129,0.711847,201,195,344,79090
2002-09-10 00:00:00,620,0.591326,0.794637,198,187,341,78023
2002-09-17 00:00:00,423,0.52307,0.586604,139,123,322,72110
2002-09-24 00:00:00,441,0.45023600000000000,0.6159820000000000,122,124,322,71593
2002-10-01 00:00:00,318,0.397421,0.49150700000000000,109,91,310,64699
2002-10-08 00:00:00,441,0.44800200000000000,0.604341,137,141,308,72972
2002-10-15 00:00:00,365,0.474767,0.524478,98,98,301,69593
2002-10-22 00:00:00,420,0.453251,0.590692,112,139,302,71103
2002-10-29 00:00:00,361,0.35215800000000000,0.505135,100,120,290,71466
2002-11-05 00:00:00,443,0.5253220000000000,0.634271,136,125,295,69844
2002-11-12 00:00:00,421,0.492991,0.610118,120,131,283,69003
2002-11-19 00:00:00,450,0.542728,0.641227,159,144,277,70178
2002-11-26 00:00:00,463,0.49034700000000000,0.661429,166,155,276,70000
2002-12-03 00:00:00,519,0.7359140000000000,0.7926810000000000,177,182,271,65474
2002-12-10 00:00:00,475,0.581771,0.639059,145,184,267,74328
2002-12-17 00:00:00,461,0.654162,0.636732,136,183,264,72401
2002-12-24 00:00:00,533,0.749504,0.747829,135,221,268,71273
2002-12-31 00:00:00,2442,0.884021,0.960873,808,881,830,254144
2003-01-07 00:00:00,2932,1.02773,1.04325,913,1132,931,281045
2003-01-14 00:00:00,3031,1.28296,1.0545,878,1147,974,287436
2003-01-21 00:00:00,3475,1.32661,1.1123100000000000,1006,1369,1007,312412
2003-01-28 00:00:00,4690,1.7730400000000000,1.4127400000000000,1207,2080,1074,331980
2003-02-04 00:00:00,5790,2.43814,1.7270300000000000,1542,2735,1111,335258
2003-02-11 00:00:00,8385,2.72605,2.407,2185,4133,1141,348359
2003-02-18 00:00:00,11141,3.7319200000000000,3.10962,2561,5684,1129,358275
2003-02-25 00:00:00,11742,4.54894,4.30779,3247,4933,1118,272576
2003-03-04 00:00:00,18948,5.3990600000000000,4.8303,4734,7817,1189,392274
2003-03-11 00:00:00,24962,7.38735,6.42905,6620,11550,1173,388269
2003-03-18 00:00:00,23699,7.48097,6.8673400000000000,6434,9851,1148,345097
2003-03-25 00:00:00,16415,7.6279700000000000,7.064960000000000,5336,5231,1122,232344
2003-04-01 00:00:00,11332,5.14051,4.55115,3391,2894,1139,248992
2003-04-08 00:00:00,7602,2.89129,2.41833,1930,2299,1160,314349
2003-04-15 00:00:00,5583,2.10429,1.80906,1679,1857,1141,308614
2003-04-22 00:00:00,4961,1.8869600000000000,1.71202,1721,1604,1084,289774
2003-04-29 00:00:00,4436,1.7766,1.5425,1487,1543,1071,287586
2003-05-06 00:00:00,4251,1.46001,1.43787,1454,1448,1054,295646
2003-05-13 00:00:00,3824,1.3778700000000000,1.32427,1420,1297,986,288762
2003-05-20 00:00:00,3691,1.30532,1.30726,1301,1255,1004,282347
2003-05-27 00:00:00,2916,1.08691,1.03698,956,1038,948,281202
2003-06-03 00:00:00,2744,0.9918880000000000,1.01032,925,910,894,271597
2003-06-10 00:00:00,2708,1.02765,1.05249,878,888,897,257294
2003-06-17 00:00:00,2487,1.0579,1.02009,730,826,849,243802
2003-06-24 00:00:00,2300,0.849361,0.9244190000000000,760,733,859,248805
2003-07-01 00:00:00,1858,0.7471270000000000,0.7906450000000000,610,611,828,234998
2003-07-08 00:00:00,1705,0.661708,0.80261,583,566,774,212432
2003-07-15 00:00:00,1749,0.6795140000000000,0.8361300000000000,545,573,755,209178
2003-07-22 00:00:00,1615,0.633071,0.7924360000000000,501,511,679,203802
2003-07-29 00:00:00,1331,0.569894,0.683588,470,404,658,194708
2003-08-05 00:00:00,1394,0.591357,0.757452,435,491,629,184038
2003-08-12 00:00:00,1327,0.589044,0.7885850000000000,449,443,599,168276
2003-08-19 00:00:00,1262,0.6786400000000000,0.812171,451,380,553,155386
2003-08-26 00:00:00,1070,0.637558,0.804463,375,349,463,133008
2003-09-02 00:00:00,1061,0.8133090000000000,0.8777010000000000,391,308,452,120884
2003-09-09 00:00:00,987,0.834551,0.741453,355,309,443,133117
2003-09-16 00:00:00,851,0.616174,0.661022,307,240,426,128740
2003-09-23 00:00:00,887,0.513286,0.715109,277,284,423,124037
2003-09-30 00:00:00,698,0.351881,0.562241,238,183,408,124146
2003-10-07 00:00:00,710,0.542621,0.786808,233,205,381,90238
2003-10-14 00:00:00,836,0.581036,0.860658,249,280,378,97135
2003-10-21 00:00:00,659,0.495486,0.689944,259,200,370,95515
2003-10-28 00:00:00,719,0.6120900000000000,0.779691,260,230,363,92216
2003-11-04 00:00:00,733,0.5314910000000000,0.6281440000000000,213,235,345,116693
2003-11-11 00:00:00,809,0.519987,0.902459,243,256,334,89644
2003-11-18 00:00:00,770,0.574476,0.806443,256,256,335,95481
2003-11-25 00:00:00,799,0.663175,0.8748880000000000,259,265,333,91326
2003-12-02 00:00:00,960,0.614691,0.9932130000000000,279,358,326,96656
2003-12-09 00:00:00,913,0.6568230000000000,0.876141,281,309,337,104207
2003-12-16 00:00:00,1122,0.723016,0.948092,342,413,341,118343
2003-12-23 00:00:00,1089,0.6918570000000000,0.9269430000000000,322,416,336,117483
2003-12-30 00:00:00,1116,0.782758,0.971643,333,382,364,114857
2004-01-06 00:00:00,3171,0.982275,0.897159,877,1256,1176,353449
2004-01-13 00:00:00,3631,1.01821,1.0224800000000000,1071,1373,1187,355116
2004-01-20 00:00:00,4019,1.1768,1.0629600000000000,1240,1534,1267,378094
2004-01-27 00:00:00,4369,1.30121,1.14696,1190,1671,1293,380921
2004-02-03 00:00:00,4551,1.27746,1.20495,1327,1718,1302,377692
2004-02-10 00:00:00,4969,1.4038700000000000,1.3051700000000000,1497,1874,1344,380718
2004-02-17 00:00:00,4983,1.40301,1.2869900000000000,1531,1874,1336,387182
2004-02-24 00:00:00,4713,1.73975,1.5946800000000000,1490,1678,1341,295546
2004-03-02 00:00:00,5407,1.56894,1.39714,1538,2059,1369,387004
2004-03-09 00:00:00,5428,1.65927,1.4499600000000000,1551,2052,1346,374356
2004-03-16 00:00:00,5755,1.8134100000000000,1.61745,1670,2071,1379,355806
2004-03-23 00:00:00,5689,2.37626,2.19112,1856,1807,1288,259639
2004-03-30 00:00:00,7279,2.77052,2.56649,2252,1993,1332,283617
2004-04-06 00:00:00,8041,2.40064,2.17645,2010,2450,1383,369455
2004-04-13 00:00:00,8323,2.54155,2.20171,2188,2982,1342,378024
2004-04-20 00:00:00,9328,2.85871,2.53012,2199,3682,1348,368678
2004-04-27 00:00:00,12422,3.5501100000000000,3.06524,2747,5364,1334,405254
2004-05-04 00:00:00,16192,4.58591,3.98061,3086,7650,1303,406772
2004-05-11 00:00:00,19369,5.05809,4.595680000000000,3626,8854,1324,421461
2004-05-18 00:00:00,19931,5.44151,4.75197,3834,8400,1330,419426
2004-05-25 00:00:00,16630,4.4729,4.17962,3720,6759,1280,397883
2004-06-01 00:00:00,13234,3.6752,3.45359,2997,5343,1268,383196
2004-06-08 00:00:00,11601,3.3353,3.15852,2728,4494,1227,367292
2004-06-15 00:00:00,9502,2.7622400000000000,2.6732,2416,3513,1185,355454
2004-06-22 00:00:00,7900,2.46844,2.35161,2145,2771,1148,335940
2004-06-29 00:00:00,6329,2.00081,1.8924300000000000,1827,2133,1103,334438
2004-07-06 00:00:00,4816,1.54319,1.5249,1422,1737,1048,315823
2004-07-13 00:00:00,4445,1.50195,1.41134,1356,1603,1000,314948
2004-07-20 00:00:00,3825,1.22918,1.25068,1096,1469,978,305833
2004-07-27 00:00:00,3646,1.21854,1.20702,1117,1411,971,302065
2004-08-03 00:00:00,2990,1.15832,1.07895,903,1136,923,277120
2004-08-10 00:00:00,3012,1.249,1.14521,979,1115,878,263009
2004-08-17 00:00:00,2531,1.16888,1.06124,805,926,825,238494
2004-08-24 00:00:00,2056,1.0788800000000000,1.0568,687,695,687,194550
2004-08-31 00:00:00,2099,1.23059,1.25193,693,678,637,167661
2004-09-07 00:00:00,1744,1.14747,1.01419,548,594,603,171960
2004-09-14 00:00:00,1614,1.00254,1.04197,573,507,582,154899
2004-09-21 00:00:00,1628,0.957569,0.9540270000000000,580,507,587,170645
2004-09-28 00:00:00,1359,0.8948370000000000,0.8482300000000000,497,452,550,160216
2004-10-05 00:00:00,1198,0.798205,0.841872,426,390,533,142302
2004-10-12 00:00:00,1148,0.757812,0.7308940000000000,389,361,524,157068
2004-10-19 00:00:00,1068,0.8259630000000000,0.713432,333,364,507,149699
2004-10-26 00:00:00,990,0.744927,0.6706770000000000,328,327,492,147612
2004-11-02 00:00:00,982,0.787049,0.689278,331,326,488,142468
2004-11-09 00:00:00,1023,0.684724,0.704929,319,350,479,145121
2004-11-16 00:00:00,928,0.7473610000000000,0.615903,330,326,480,150673
2004-11-23 00:00:00,922,0.673974,0.609426,292,311,428,151290
2004-11-30 00:00:00,1033,0.869662,0.6802590000000000,342,367,420,151854
2004-12-07 00:00:00,1061,0.8995290000000000,0.7754880000000000,338,396,416,136817
2004-12-14 00:00:00,1026,0.854635,0.6834210000000000,302,383,408,150127
2004-12-21 00:00:00,1219,1.0112300000000000,0.781075,368,516,419,156067
2004-12-28 00:00:00,1204,0.977808,0.8069430000000000,381,484,447,149205
2005-01-04 00:00:00,3586,1.1777800000000000,1.07635,1172,1256,1113,333164
2005-01-11 00:00:00,3582,1.21947,1.05869,1285,1247,1160,338343
2005-01-18 00:00:00,4122,1.3069,1.11523,1393,1525,1216,369609
2005-01-25 00:00:00,4248,1.33931,1.12381,1439,1599,1237,377999
2005-02-01 00:00:00,5005,1.58374,1.25489,1639,1894,1280,398840
2005-02-08 00:00:00,5038,1.47072,1.33661,1563,1929,1272,376924
2005-02-15 00:00:00,5276,1.6112,1.3786400000000000,1679,1951,1277,382697
2005-02-22 00:00:00,4802,1.8269900000000000,1.60829,1666,1593,1301,298578
2005-03-01 00:00:00,5966,1.77482,1.48311,1858,2176,1325,402264
2005-03-08 00:00:00,6371,1.94451,1.6537400000000000,1987,2463,1328,385248
2005-03-15 00:00:00,7697,2.35512,2.00679,2241,3063,1318,383548
2005-03-22 00:00:00,8577,3.10878,2.5685700000000000,2696,3058,1287,333921
2005-03-29 00:00:00,8842,3.2823800000000000,3.05278,2678,2561,1273,289638
2005-04-05 00:00:00,8339,2.62914,2.42504,2422,2366,1319,343871
2005-04-12 00:00:00,7882,2.2515,2.00195,2272,2921,1339,393716
2005-04-19 00:00:00,7858,2.35858,2.0586900000000000,2249,3150,1297,381699
2005-04-26 00:00:00,9114,2.4188100000000000,2.21277,2643,3646,1331,411882
2005-05-03 00:00:00,9551,2.52752,2.3222,2612,4153,1320,411291
2005-05-10 00:00:00,10427,2.64954,2.4927900000000000,2754,4593,1311,418286
2005-05-17 00:00:00,11226,3.12935,2.79489,2624,4979,1288,401661
2005-05-24 00:00:00,11901,3.12442,2.9691100000000000,2753,5284,1288,400827
2005-05-31 00:00:00,11343,3.13099,2.8395900000000000,2579,5008,1275,399459
2005-06-07 00:00:00,11261,3.08261,2.77799,2564,5106,1257,405365
2005-06-14 00:00:00,9322,2.64431,2.47287,2330,4154,1241,376971
2005-06-21 00:00:00,8064,2.42295,2.1806100000000000,1895,3709,1217,369804
2005-06-28 00:00:00,7313,2.31141,2.0168,1697,3393,1165,362605
2005-07-05 00:00:00,5738,1.8638300000000000,1.6410100000000000,1437,2660,1133,349662
2005-07-12 00:00:00,4547,1.44943,1.35829,1181,2014,1087,334760
2005-07-19 00:00:00,3550,1.30227,1.1428,959,1479,1045,310641
2005-07-26 00:00:00,3177,1.13459,1.04031,836,1382,1017,305389
2005-08-02 00:00:00,2780,1.06255,0.964347,745,1208,958,288278
2005-08-09 00:00:00,2592,1.0342800000000000,0.937982,745,1039,919,276338
2005-08-16 00:00:00,2428,1.01791,0.947449,715,969,877,256267
2005-08-23 00:00:00,2061,0.918151,0.891918,699,764,783,231075
2005-08-30 00:00:00,1645,0.93099,0.864643,572,561,649,190252
2005-09-06 00:00:00,2075,0.857294,0.9703200000000000,754,626,635,213847
2005-09-13 00:00:00,1430,0.7862940000000000,0.84439,514,447,615,169353
2005-09-20 00:00:00,1300,0.719426,0.77487,463,409,610,167770
2005-09-27 00:00:00,1271,0.7188680000000000,0.8213720000000000,466,390,572,154741
2005-10-04 00:00:00,1215,0.774807,0.8727450000000000,437,402,565,139216
2005-10-11 00:00:00,1617,0.76598,0.922635,549,511,577,175259
2005-10-18 00:00:00,1553,0.642809,0.899487,541,440,564,172654
2005-10-25 00:00:00,1455,0.622033,0.843082,502,403,564,172581
2005-11-01 00:00:00,1428,0.616326,0.8818240000000000,508,430,551,161937
2005-11-08 00:00:00,1373,0.6856940000000000,0.817145,473,435,547,168024
2005-11-15 00:00:00,1457,0.6226970000000000,0.8715,510,466,536,167183
2005-11-22 00:00:00,1138,0.611817,0.738621,404,379,503,154071
2005-11-29 00:00:00,1224,0.638831,0.797966,398,457,488,153390
2005-12-06 00:00:00,1463,0.8066270000000000,1.01394,492,506,491,144289
2005-12-13 00:00:00,1406,0.7624480000000000,0.880936,446,521,487,159603
2005-12-20 00:00:00,1487,0.8134060000000000,0.943366,511,534,455,157627
2005-12-27 00:00:00,1433,0.807934,0.891546,476,512,469,160732
2006-01-03 00:00:00,4513,1.15384,1.2032200000000000,1434,1699,1323,375076
2006-01-10 00:00:00,4072,1.14819,1.05788,1278,1602,1361,384920
2006-01-17 00:00:00,4737,1.22736,1.1305400000000000,1543,1830,1425,419005
2006-01-24 00:00:00,4888,1.2174400000000000,1.12552,1582,1996,1445,434287
2006-01-31 00:00:00,5380,1.32813,1.2080800000000000,1672,2270,1473,445334
2006-02-07 00:00:00,6139,1.4775400000000000,1.34952,2112,2393,1497,454901
2006-02-14 00:00:00,6668,1.5339,1.4689,2355,2681,1474,453945
2006-02-21 00:00:00,6156,1.9126900000000000,1.8276700000000000,2188,2202,1488,336822
2006-02-28 00:00:00,7530,1.838,1.6656,2573,2792,1486,452089
2006-03-07 00:00:00,8122,1.95376,1.85968,2643,3244,1493,436741
2006-03-14 00:00:00,10396,2.40407,2.3889100000000000,3270,4470,1492,435177
2006-03-21 00:00:00,10192,2.87453,2.78978,3387,4065,1435,365334
2006-03-28 00:00:00,8913,3.02597,3.1154900000000000,3243,2868,1359,286087
2006-04-04 00:00:00,8386,2.37817,2.26942,2927,2481,1490,369521
2006-04-11 00:00:00,7761,2.09232,1.86355,2507,2756,1467,416464
2006-04-18 00:00:00,7909,2.2939600000000000,1.9998600000000000,2548,3248,1470,395477
2006-04-25 00:00:00,10888,2.7450100000000000,2.4406,3410,4684,1495,446119
2006-05-02 00:00:00,12120,3.04434,2.83018,3456,5648,1472,428241
2006-05-09 00:00:00,14197,3.49999,3.12343,3840,6995,1484,454533
2006-05-16 00:00:00,14031,3.5785100000000000,3.27019,3879,6668,1461,429057
2006-05-23 00:00:00,14048,3.28979,3.1775700000000000,3728,6537,1460,442099
2006-05-30 00:00:00,11801,2.89149,2.72364,3016,5429,1428,433281
2006-06-06 00:00:00,10715,2.62075,2.50201,2798,4937,1408,428255
2006-06-13 00:00:00,9597,2.5338700000000000,2.4272,2668,4031,1361,395394
2006-06-20 00:00:00,7562,2.07251,1.9604100000000000,2049,3307,1333,385735
2006-06-27 00:00:00,6148,1.87084,1.5914,1664,2508,1303,386327
2006-07-04 00:00:00,4958,1.40042,1.36978,1445,1803,1284,361955
2006-07-11 00:00:00,4869,1.4688700000000000,1.36317,1429,1821,1240,357183
2006-07-18 00:00:00,4179,1.15514,1.1737,1257,1523,1206,356055
2006-07-25 00:00:00,3695,1.07901,1.06358,1152,1386,1152,347413
2006-08-01 00:00:00,3077,0.98492,0.9697110000000000,969,1143,1119,317311
2006-08-08 00:00:00,2860,1.03325,0.965362,917,1055,1057,296262
2006-08-15 00:00:00,2442,0.926649,0.856749,815,861,1025,285031
2006-08-22 00:00:00,2243,0.9201,0.863346,761,785,925,259803
2006-08-29 00:00:00,2058,0.954094,0.93537,722,652,831,220020
2006-09-05 00:00:00,1679,0.763278,0.7455690000000000,628,510,796,225197
2006-09-12 00:00:00,1614,0.81722,0.740428,598,469,771,217982
2006-09-19 00:00:00,1456,0.764586,0.6728970000000000,521,441,749,216378
2006-09-26 00:00:00,1455,0.793127,0.6662820000000000,514,408,742,218376
2006-10-03 00:00:00,1169,0.66909,0.662747,394,360,711,176387
2006-10-10 00:00:00,1086,0.62115,0.545619,366,372,697,199040
2006-10-17 00:00:00,1211,0.6036590000000000,0.5862310000000000,446,345,698,206574
2006-10-24 00:00:00,1356,0.649058,0.660687,477,392,691,205241
2006-10-31 00:00:00,1037,0.568338,0.534093,321,311,677,194161
2006-11-07 00:00:00,1172,0.651546,0.585549,389,385,667,200154
2006-11-14 00:00:00,1283,0.652176,0.618075,439,411,666,207580
2006-11-21 00:00:00,1448,0.8038490000000000,0.687465,495,457,671,210629
2006-11-28 00:00:00,1526,0.787458,0.715696,502,500,652,213219
2006-12-05 00:00:00,1554,0.943263,0.829313,519,545,641,187384
2006-12-12 00:00:00,1694,0.946932,0.800912,496,682,638,211509
2006-12-19 00:00:00,1913,0.987146,0.918484,609,681,632,208278
2006-12-26 00:00:00,2228,1.05206,0.8142590000000000,729,788,703,273623
2007-01-02 00:00:00,5641,0.9951840000000000,1.07197,2187,1997,1373,526227
2007-01-09 00:00:00,6444,1.22003,1.21786,2387,2433,1429,529126
2007-01-16 00:00:00,6941,1.28548,1.24576,2583,2551,1449,557172
2007-01-23 00:00:00,7434,1.3775,1.35984,2871,2788,1477,546680
2007-01-30 00:00:00,7915,1.46725,1.44671,3074,2998,1485,547104
2007-02-06 00:00:00,8687,1.55841,1.5328600000000000,3398,3303,1539,566717
2007-02-13 00:00:00,9104,1.61958,1.6665300000000000,3563,3290,1516,546284
2007-02-20 00:00:00,8570,1.8112,1.97488,3651,2631,1523,433951
2007-02-27 00:00:00,9171,1.61865,1.67305,3679,3158,1513,548159
2007-03-06 00:00:00,8436,1.62124,1.63405,3365,2907,1487,516263
2007-03-13 00:00:00,8091,1.6735100000000000,1.74595,3298,2694,1453,463416
2007-03-20 00:00:00,8750,1.9509600000000000,1.9364300000000000,3580,2724,1420,451862
2007-03-27 00:00:00,8902,2.5001900000000000,2.48905,3848,2348,1426,357646
2007-04-03 00:00:00,9706,2.43939,2.25405,3737,2568,1486,430603
2007-04-10 00:00:00,11115,2.29319,2.09147,3393,3644,1509,531444
2007-04-17 00:00:00,12197,2.62907,2.35934,3664,4900,1511,516966
2007-04-24 00:00:00,17171,3.9296600000000000,3.3233100000000000,4289,7661,1508,516683
2007-05-01 00:00:00,24812,4.99202,4.43381,5222,11974,1514,559609
2007-05-08 00:00:00,31896,5.7776,5.34547,6059,15323,1526,596692
2007-05-15 00:00:00,31625,5.98318,5.42258,6244,14336,1518,583210
2007-05-22 00:00:00,30245,5.61677,5.303030000000000,5922,12783,1497,570334
2007-05-29 00:00:00,25027,4.5323400000000000,4.24456,4978,9958,1453,589626
2007-06-05 00:00:00,20254,3.83249,3.628,4420,7849,1445,558269
2007-06-12 00:00:00,16714,3.21522,3.03463,3878,6112,1412,550776
2007-06-19 00:00:00,13040,2.69245,2.53595,3153,4493,1395,514205
2007-06-26 00:00:00,10376,2.03366,2.0573,2689,3395,1379,504350
2007-07-03 00:00:00,8583,1.65275,1.7415,2372,2697,1327,492850
2007-07-10 00:00:00,7045,1.3113,1.40652,2045,2354,1318,500881
2007-07-17 00:00:00,6079,1.1652,1.26861,1857,2013,1288,479187
2007-07-24 00:00:00,4953,1.02035,1.0771900000000000,1572,1713,1208,459808
2007-07-31 00:00:00,4224,0.877607,0.993445,1466,1416,1147,425187
2007-08-07 00:00:00,4011,0.8251070000000000,0.9112120000000000,1356,1381,1098,440183
2007-08-14 00:00:00,3904,0.787315,0.972109,1439,1274,1074,401601
2007-08-21 00:00:00,3646,0.805439,0.993258,1393,1116,945,367075
2007-08-28 00:00:00,3803,0.8860610000000000,1.09132,1473,1083,869,348477
2007-09-04 00:00:00,2933,0.743743,0.888446,1159,906,789,330127
2007-09-11 00:00:00,2906,0.706842,0.887691,1113,886,764,327366
2007-09-18 00:00:00,2842,0.655943,0.883187,1115,855,755,321789
2007-09-25 00:00:00,2534,0.633492,0.8267560000000000,937,810,730,306499
2007-10-02 00:00:00,2405,0.571837,0.783201,913,762,713,307073
2007-10-09 00:00:00,2431,0.5582780000000000,0.78061,881,749,710,311423
2007-10-16 00:00:00,2319,0.597893,0.769073,826,703,696,301532
2007-10-23 00:00:00,2166,0.577222,0.721298,779,704,694,300292
2007-10-30 00:00:00,2289,0.5969870000000000,0.7525270000000000,788,763,676,304175
2007-11-06 00:00:00,2220,0.564653,0.752721,679,706,668,294930
2007-11-13 00:00:00,2368,0.5856820000000000,0.792766,789,745,657,298701
2007-11-20 00:00:00,2237,0.503985,0.743896,730,754,657,300714
2007-11-27 00:00:00,2429,0.468139,0.814166,794,892,636,298342
2007-12-04 00:00:00,2461,0.576455,0.8384010000000000,774,880,666,293535
2007-12-11 00:00:00,2788,0.681361,0.851124,859,994,685,327567
2007-12-18 00:00:00,3735,0.794764,1.10976,1062,1527,679,336560
2007-12-25 00:00:00,3400,0.868116,1.03114,983,1306,716,329731
2008-01-01 00:00:00,5687,1.06828,1.02284,1535,2352,1435,555999
2008-01-08 00:00:00,5959,1.00756,1.03017,1861,2291,1500,578446
2008-01-15 00:00:00,5896,0.979399,1.01245,1869,2219,1525,582351
2008-01-22 00:00:00,6485,1.0494300000000000,1.08359,1976,2474,1527,598473
2008-01-29 00:00:00,6987,1.13218,1.1657800000000000,2119,2547,1545,599343
2008-02-05 00:00:00,7297,1.1315600000000000,1.1913,2276,2668,1555,612526
2008-02-12 00:00:00,7667,1.15469,1.28075,2512,2854,1555,598635
2008-02-19 00:00:00,7733,1.20448,1.27053,2600,2828,1563,608646
2008-02-26 00:00:00,7634,1.36081,1.59578,3024,2412,1523,478386
2008-03-04 00:00:00,8708,1.30322,1.4585,3114,2913,1551,597052
2008-03-11 00:00:00,8689,1.3020400000000000,1.49921,3252,3024,1543,579573
2008-03-18 00:00:00,7812,1.45109,1.62982,3137,2579,1416,479318
2008-03-25 00:00:00,8706,1.7992700000000000,2.15561,3897,2367,1484,403876
2008-04-01 00:00:00,8603,2.12134,2.02053,3814,2042,1490,425780
2008-04-08 00:00:00,8956,1.47138,1.54566,3245,2548,1539,579428
2008-04-15 00:00:00,9289,1.61555,1.6422400000000000,3142,3345,1512,565631
2008-04-22 00:00:00,11456,1.95333,1.96524,3602,4597,1566,582932
2008-04-29 00:00:00,14324,2.4290700000000000,2.34368,4039,6602,1554,611176
2008-05-06 00:00:00,18268,2.96686,2.86057,4606,8882,1580,638613
2008-05-13 00:00:00,21667,3.57354,3.3421,5064,11215,1569,648304
2008-05-20 00:00:00,20022,3.3665300000000000,3.20566,4848,9851,1543,624583
2008-05-27 00:00:00,20450,3.2962,3.10049,4694,10092,1544,659573
2008-06-03 00:00:00,18441,3.17227,2.95819,4420,9116,1534,623389
2008-06-10 00:00:00,15711,2.5804,2.46381,4046,7446,1524,637672
2008-06-17 00:00:00,13277,2.42922,2.19272,3657,6036,1494,605503
2008-06-24 00:00:00,11400,1.9902800000000000,1.87395,3237,5052,1470,608342
2008-07-01 00:00:00,9669,1.72423,1.6481700000000000,2829,4283,1440,586651
2008-07-08 00:00:00,8460,1.60355,1.49878,2577,3407,1422,564460
2008-07-15 00:00:00,7222,1.2841800000000000,1.29233,2371,2761,1415,558837
2008-07-22 00:00:00,7348,1.2932,1.2716400000000000,2353,2855,1445,577836
2008-07-29 00:00:00,18627,2.74012,2.98159,4821,8043,1405,624734
2008-08-05 00:00:00,14578,2.22391,2.43702,3920,6221,1422,598189
2008-08-12 00:00:00,12554,1.76657,2.2813,3236,5888,1372,550300
2008-08-19 00:00:00,20774,1.9217100000000000,3.81572,4188,12026,1331,544432
2008-08-26 00:00:00,22394,1.8611,4.21315,4496,12461,1314,531526
2008-09-02 00:00:00,17105,1.68423,3.1783200000000000,3865,8615,1305,538177
2008-09-09 00:00:00,12392,1.7393,2.50972,3072,5660,1296,493761
2008-09-16 00:00:00,10780,1.83001,2.06632,2623,4740,1280,521701
2008-09-23 00:00:00,8801,1.58128,1.71805,2299,3700,1279,512268
2008-09-30 00:00:00,7422,1.4917200000000000,1.55965,2145,2893,1237,475877
2008-10-07 00:00:00,6290,1.389,1.30856,1701,2481,1246,480680
2008-10-14 00:00:00,5964,1.34702,1.18695,1581,2437,1248,502466
2008-10-21 00:00:00,5735,1.16056,1.13796,1608,2285,1248,503971
2008-10-28 00:00:00,5587,1.2085,1.15005,1519,2199,1254,485804
2008-11-04 00:00:00,5526,1.15544,1.1126200000000000,1651,2082,1230,496666
2008-11-11 00:00:00,5877,1.1451800000000000,1.1614200000000000,1645,2321,1234,506019
2008-11-18 00:00:00,8941,1.4664,1.64107,2167,4210,1286,544827
2008-11-25 00:00:00,14556,2.38017,2.47166,2883,8253,1320,588916
2008-12-02 00:00:00,21350,3.4468100000000000,3.71969,3713,13114,1358,573972
2008-12-09 00:00:00,22561,4.05315,3.94975,4087,13407,1367,571201
2008-12-16 00:00:00,26091,4.26621,4.08756,4445,15326,1380,638302
2008-12-23 00:00:00,24454,4.21579,4.0189700000000000,4462,14152,1313,608464
2008-12-30 00:00:00,27919,4.8861,4.603620000000000,4974,16291,1331,606458
2009-01-06 00:00:00,48420,6.06923,5.66087,9302,27406,2056,855346
2009-01-13 00:00:00,58196,7.09467,6.81522,11527,32585,2134,853912
2009-01-20 00:00:00,69068,7.7151,7.6188900000000000,13187,39364,2162,906536
2009-01-27 00:00:00,66411,7.55134,7.3883600000000000,13174,36860,2167,898860
2009-02-03 00:00:00,57017,6.6711800000000000,6.33927,12161,30860,2197,899425
2009-02-10 00:00:00,42729,5.20633,4.94349,10151,21112,2191,864348
2009-02-17 00:00:00,32520,4.04477,3.80996,8979,14652,2157,853552
2009-02-24 00:00:00,22508,3.4972200000000000,3.44106,7716,8237,2146,654101
2009-03-03 00:00:00,21730,2.69023,2.6677300000000000,7195,7988,2122,814550
2009-03-10 00:00:00,19325,2.47119,2.4718300000000000,6490,7218,2093,781811
2009-03-17 00:00:00,17081,2.44773,2.345,6275,5785,2014,728401
2009-03-24 00:00:00,14575,2.64594,2.71435,6078,4127,1934,536961
2009-03-31 00:00:00,15613,2.61567,2.67667,6598,3726,1937,583299
2009-04-07 00:00:00,14299,1.9071200000000000,1.9828400000000000,4998,3961,1996,721138
2009-04-14 00:00:00,14088,1.8673800000000000,1.82749,4877,4614,2016,770895
2009-04-21 00:00:00,14757,1.8807200000000000,1.9260600000000000,5399,5079,2053,766177
2009-04-28 00:00:00,15122,1.96908,1.92495,5333,5655,2026,785580
2009-05-05 00:00:00,16037,2.11387,2.0887700000000000,5816,6142,1996,767773
2009-05-12 00:00:00,15381,2.09695,2.0343400000000000,5496,5577,1977,756068
2009-05-19 00:00:00,15065,1.90294,1.97649,5388,5536,1954,762208
2009-05-26 00:00:00,16087,1.9695100000000000,1.9936200000000000,5040,6207,1990,806925
2009-06-02 00:00:00,14486,1.9233100000000000,1.8538300000000000,4281,5685,1953,781411
2009-06-09 00:00:00,14354,1.8965900000000000,1.8673,4612,5270,1946,768702
2009-06-16 00:00:00,12601,1.7518100000000000,1.69987,4063,4466,1933,741293
2009-06-23 00:00:00,11191,1.5263200000000000,1.4974100000000000,3625,4108,1917,747358
2009-06-30 00:00:00,10359,1.4957200000000000,1.45112,3408,3733,1875,713863
2009-07-07 00:00:00,8813,1.2231300000000000,1.20715,3090,2933,1850,730068
2009-07-14 00:00:00,8801,1.17754,1.17415,3117,3110,1831,749563
2009-07-21 00:00:00,8362,1.09112,1.1620700000000000,2921,3044,1765,719580
2009-07-28 00:00:00,8440,1.11958,1.17213,3081,2972,1755,720054
2009-08-04 00:00:00,7914,1.08169,1.12168,2781,2901,1710,705551
2009-08-11 00:00:00,7697,1.12497,1.14981,2851,2645,1664,669414
2009-08-18 00:00:00,7603,1.06197,1.1332800000000000,2816,2553,1624,670887
2009-08-25 00:00:00,6853,1.08909,1.08171,2636,2188,1497,633532
2009-09-01 00:00:00,6595,1.1776,1.19959,2413,2172,1421,549773
2009-09-08 00:00:00,5755,0.97493,0.952808,2147,1831,1435,604004
2009-09-15 00:00:00,5316,0.987132,0.916032,1975,1784,1405,580329
2009-09-22 00:00:00,5334,0.995991,0.926582,2027,1779,1384,575664
2009-09-29 00:00:00,4718,0.904726,0.8696200000000000,1754,1541,1347,542536
2009-10-06 00:00:00,4691,0.9419270000000000,0.903133,1753,1566,1353,519414
2009-10-13 00:00:00,4234,0.880415,0.773776,1458,1450,1284,547187
2009-10-20 00:00:00,3950,0.842615,0.7427740000000000,1323,1335,1265,531790
2009-10-27 00:00:00,3850,0.858382,0.730934,1290,1279,1250,526723
2009-11-03 00:00:00,4077,0.83383,0.786882,1381,1357,1241,518121
2009-11-10 00:00:00,4008,0.8474370000000000,0.763051,1378,1307,1212,525260
2009-11-17 00:00:00,4518,0.888273,0.841043,1485,1592,1225,537190
2009-11-24 00:00:00,4420,0.765372,0.791573,1520,1592,1235,558382
2009-12-01 00:00:00,5007,0.91858,0.912732,1564,1866,1170,548573
2009-12-08 00:00:00,5493,1.01432,1.03398,1850,1959,1198,531250
2009-12-15 00:00:00,5510,1.01233,0.934009,1720,2118,1210,589930
2009-12-22 00:00:00,6741,1.1180300000000000,1.08189,2134,2510,1206,623077
2009-12-29 00:00:00,6387,1.11806,1.0656300000000000,1995,2383,1254,599366
2010-01-05 00:00:00,8473,1.1093900000000000,1.13505,2627,3142,1838,746485
2010-01-12 00:00:00,9347,1.2434100000000000,1.2525600000000000,2953,3522,1875,746230
2010-01-19 00:00:00,9684,1.25726,1.2457,3044,3641,1907,777397
2010-01-26 00:00:00,9904,1.25734,1.2677400000000000,3226,3822,1929,781234
2010-02-02 00:00:00,11020,1.43414,1.43723,3451,4397,1947,766753
2010-02-09 00:00:00,11807,1.5183800000000000,1.53341,3927,4679,1940,769982
2010-02-16 00:00:00,13336,1.61617,1.69445,4416,5322,1921,787038
2010-02-23 00:00:00,12079,1.84378,1.9915,4598,4145,1938,606527
2010-03-02 00:00:00,13997,1.72535,1.81305,5045,4978,1964,772016
2010-03-09 00:00:00,14958,1.87923,2.0142600000000000,5060,5867,1936,742606
2010-03-16 00:00:00,18022,2.3371,2.5565900000000000,6300,7194,1916,704923
2010-03-23 00:00:00,19899,3.03533,3.38185,7295,7071,1840,588406
2010-03-30 00:00:00,20346,3.136,3.43172,7478,5764,1887,592880
2010-04-06 00:00:00,20026,2.53336,2.69151,6584,6342,1923,744043
2010-04-13 00:00:00,20721,2.91288,2.91063,6238,7773,1921,711908
2010-04-20 00:00:00,26257,3.4449700000000000,3.49232,7247,11243,1964,751850
2010-04-27 00:00:00,31975,4.16185,4.0037,8007,15291,1947,798637
2010-05-04 00:00:00,34284,4.55159,4.43534,8195,16366,1970,772974
2010-05-11 00:00:00,34456,4.46504,4.24215,8036,16516,1961,812230
2010-05-18 00:00:00,36567,4.55124,4.39719,8172,17493,1910,831600
2010-05-25 00:00:00,31277,4.0822,3.90256,7839,13718,1908,801449
2010-06-01 00:00:00,24627,3.38812,3.15073,6376,10496,1860,781629
2010-06-08 00:00:00,20377,2.99142,2.72422,5691,8427,1829,747993
2010-06-15 00:00:00,17309,2.61542,2.33336,5363,6702,1823,741807
2010-06-22 00:00:00,14031,2.09065,1.925,4400,5489,1790,728883
2010-06-29 00:00:00,12957,1.86146,1.75243,4189,5025,1770,739375
2010-07-06 00:00:00,11498,1.6137700000000000,1.57704,3701,4557,1723,729089
2010-07-13 00:00:00,9391,1.4219900000000000,1.35766,3164,3562,1681,691707
2010-07-20 00:00:00,8695,1.3382,1.31223,3139,3064,1651,662612
2010-07-27 00:00:00,7830,1.19995,1.14937,2895,2673,1612,681240
2010-08-03 00:00:00,7307,1.14889,1.1145100000000000,2532,2553,1585,655627
2010-08-10 00:00:00,7236,1.12194,1.10984,2551,2595,1556,651983
2010-08-17 00:00:00,6530,1.06712,1.0524,2353,2280,1516,620485
2010-08-24 00:00:00,6072,1.0505800000000000,1.03536,2213,2110,1381,586460
2010-08-31 00:00:00,5946,1.1520300000000000,1.1177700000000000,2249,1980,1357,531954
2010-09-07 00:00:00,5547,0.970975,0.982949,2040,1760,1296,564322
2010-09-14 00:00:00,4989,0.894683,0.9251940000000000,1812,1599,1279,539238
2010-09-21 00:00:00,4448,0.843568,0.8355310000000000,1604,1422,1251,532356
2010-09-28 00:00:00,4218,0.815409,0.832393,1472,1462,1225,506732
2010-10-05 00:00:00,4009,0.823052,0.855591,1423,1269,1211,468565
2010-10-12 00:00:00,3721,0.674635,0.7069490000000000,1255,1206,1220,526346
2010-10-19 00:00:00,3597,0.631883,0.694387,1243,1184,1203,518011
2010-10-26 00:00:00,3538,0.641513,0.687976,1251,1188,1179,514262
2010-11-02 00:00:00,3202,0.529813,0.6447430000000000,1088,1125,1175,496632
2010-11-09 00:00:00,3523,0.644089,0.67533,1207,1223,1175,521671
2010-11-16 00:00:00,3874,0.667718,0.72823,1342,1358,1191,531975
2010-11-23 00:00:00,4444,0.7056680000000000,0.8065260000000000,1505,1600,1195,551005
2010-11-30 00:00:00,4717,0.8041550000000000,0.860408,1528,1781,1200,548228
2010-12-07 00:00:00,4813,0.907804,0.936075,1622,1809,1184,514168
2010-12-14 00:00:00,5567,1.00555,0.966683,1788,2206,1196,575887
2010-12-21 00:00:00,5822,1.03601,0.996007,1816,2264,1201,584534
2010-12-28 00:00:00,6708,1.0758300000000000,1.10846,2248,2514,1213,605162
2011-01-04 00:00:00,9365,1.1609200000000000,1.20345,3106,3485,1850,778182
2011-01-11 00:00:00,9803,1.19785,1.23777,3317,3667,1883,791987
2011-01-18 00:00:00,9958,1.27926,1.2525900000000000,3324,3837,1905,794995
2011-01-25 00:00:00,10298,1.2919400000000000,1.30546,3453,4035,1900,788840
2011-02-01 00:00:00,11396,1.42824,1.45295,3634,4658,1925,784334
2011-02-08 00:00:00,11496,1.3980300000000000,1.44089,3949,4348,1946,797839
2011-02-15 00:00:00,11721,1.45831,1.46221,3923,4361,1900,801594
2011-02-22 00:00:00,10377,1.56548,1.65573,4125,3340,1918,626731
2011-03-01 00:00:00,11479,1.34313,1.4660600000000000,4237,3955,1904,782984
2011-03-08 00:00:00,11187,1.48139,1.51811,3995,4040,1898,736905
2011-03-15 00:00:00,12137,1.63398,1.66429,4579,4097,1872,729258
2011-03-22 00:00:00,11958,1.8312600000000000,1.85274,5016,3535,1851,645424
2011-03-29 00:00:00,12356,2.10451,2.12413,5243,3184,1821,581697
2011-04-05 00:00:00,11992,1.73625,1.76709,4514,3393,1891,678631
2011-04-12 00:00:00,11543,1.55066,1.5434,4059,3636,1883,747894
2011-04-19 00:00:00,11939,1.62891,1.64762,4364,4030,1887,724623
2011-04-26 00:00:00,13209,1.7603800000000000,1.6843,4766,4802,1891,784244
2011-05-03 00:00:00,14448,1.9272800000000000,1.8635400000000000,5218,5336,1885,775298
2011-05-10 00:00:00,14624,1.9199400000000000,1.86408,5028,5555,1875,784516
2011-05-17 00:00:00,15929,2.09951,2.01839,5277,5994,1884,789193
2011-05-24 00:00:00,16137,2.2397300000000000,2.10385,5246,5990,1853,767022
2011-05-31 00:00:00,16518,2.21921,2.09555,5219,6239,1826,788242
2011-06-07 00:00:00,15763,2.16693,2.10398,4811,6493,1816,749198
2011-06-14 00:00:00,17150,2.3891300000000000,2.2941,5175,6768,1819,747570
2011-06-21 00:00:00,14524,1.9646600000000000,1.9222300000000000,4422,5683,1780,755579
2011-06-28 00:00:00,13017,1.8422900000000000,1.74239,3807,5256,1753,747079
2011-07-05 00:00:00,11930,1.6867400000000000,1.6760100000000000,3582,4631,1729,711808
2011-07-12 00:00:00,10732,1.53136,1.49637,3253,4059,1707,717202
2011-07-19 00:00:00,10123,1.3791200000000000,1.38202,3001,4020,1699,732480
2011-07-26 00:00:00,9370,1.29515,1.28926,2638,3802,1675,726772
2011-08-02 00:00:00,8999,1.39521,1.3580300000000000,2509,3671,1564,662649
2011-08-09 00:00:00,8576,1.32522,1.30833,2524,3468,1546,655492
2011-08-16 00:00:00,8062,1.23059,1.26692,2465,3087,1503,636347
2011-08-23 00:00:00,7878,1.2302800000000000,1.27731,2545,3011,1415,616765
2011-08-30 00:00:00,7153,1.2687700000000000,1.2991,2480,2601,1409,550614
2011-09-06 00:00:00,6765,1.10782,1.16297,2336,2352,1365,581700
2011-09-13 00:00:00,6133,1.09559,1.08612,2231,2024,1289,564670
2011-09-20 00:00:00,6048,1.1103100000000000,1.0568,2259,1974,1295,572296
2011-09-27 00:00:00,5786,1.10616,1.07871,2168,1850,1260,536380
2011-10-04 00:00:00,5291,1.10816,1.04662,1911,1706,1271,505533
2011-10-11 00:00:00,5185,0.999444,0.9281520000000000,1913,1751,1240,558637
2011-10-18 00:00:00,4931,0.924199,0.9019360000000000,1818,1640,1223,546713
2011-10-25 00:00:00,5103,0.949257,0.915356,1752,1721,1250,557488
2011-11-01 00:00:00,5159,0.9789030000000000,0.952548,1728,1706,1240,541600
2011-11-08 00:00:00,5026,0.925024,0.9166610000000000,1660,1718,1248,548294
2011-11-15 00:00:00,5051,0.848456,0.9017870000000000,1721,1755,1238,560110
2011-11-22 00:00:00,6141,1.04451,1.03315,2098,2128,1238,594395
2011-11-29 00:00:00,6318,1.0986,1.0523800000000000,1958,2335,1238,600354
2011-12-06 00:00:00,6296,1.22071,1.12713,1886,2294,1242,558585
2011-12-13 00:00:00,7382,1.24976,1.1866,2176,2870,1252,622114
2011-12-20 00:00:00,7656,1.22892,1.21415,2295,2972,1268,630563
2011-12-27 00:00:00,7807,1.29393,1.2519800000000000,2421,2867,1248,623572
2012-01-03 00:00:00,9395,1.23034,1.20559,2773,3691,1932,779285
2012-01-10 00:00:00,10158,1.3278,1.31929,2960,4007,1940,769959
2012-01-17 00:00:00,10585,1.33995,1.3273700000000000,3202,4233,1968,797444
2012-01-24 00:00:00,10913,1.37842,1.3668800000000000,3346,4268,1958,798388
2012-01-31 00:00:00,11061,1.50085,1.50535,3326,4422,1929,734781
2012-02-07 00:00:00,12674,1.65163,1.61273,3733,5145,1974,785871
2012-02-14 00:00:00,13623,1.7674600000000000,1.7520800000000000,4034,5526,1966,777534
2012-02-21 00:00:00,14650,2.30609,2.33365,4651,5387,1968,627772
2012-02-28 00:00:00,18521,2.16324,2.2268,5102,7018,2006,831730
2012-03-06 00:00:00,24877,2.83038,2.97657,6486,10857,2006,835762
2012-03-13 00:00:00,29432,3.43761,3.62552,7446,12945,1977,811800
2012-03-20 00:00:00,34332,4.305540000000000,4.5532,8546,13971,1908,754019
2012-03-27 00:00:00,36588,6.06082,6.025980000000000,9709,11391,1905,607171
2012-04-03 00:00:00,34103,4.64931,4.96368,8444,9108,1982,687051
2012-04-10 00:00:00,39896,4.32584,4.69072,8297,13424,1995,850531
2012-04-17 00:00:00,39441,4.5111300000000000,4.7047300000000000,8633,15992,2008,838326
2012-04-24 00:00:00,32426,4.2171,4.1646,7441,13439,1978,778610
2012-05-01 00:00:00,29808,3.78956,3.6953300000000000,6609,12653,1963,806640
2012-05-08 00:00:00,24987,3.2920600000000000,3.2363,5757,10816,1931,772086
2012-05-15 00:00:00,22321,3.0197,2.8942100000000000,5289,9395,1926,771229
2012-05-22 00:00:00,20519,2.7149900000000000,2.71742,5099,8415,1940,755092
2012-05-29 00:00:00,19231,2.4845,2.52297,4633,7981,1893,762238
2012-06-05 00:00:00,18829,2.57808,2.55227,4791,7709,1884,737736
2012-06-12 00:00:00,17392,2.39237,2.43225,4480,7065,1846,715059
2012-06-19 00:00:00,15254,2.06778,2.10851,3957,6095,1825,723449
2012-06-26 00:00:00,13714,1.90281,1.94725,3830,5204,1811,704276
2012-07-03 00:00:00,12273,1.6590200000000000,1.74859,3516,4299,1769,701881
2012-07-10 00:00:00,10818,1.43006,1.4971300000000000,3110,3929,1742,722583
2012-07-17 00:00:00,9188,1.27757,1.32313,2707,3509,1732,694415
2012-07-24 00:00:00,8589,1.1900900000000000,1.2264700000000000,2588,3364,1711,700300
2012-07-31 00:00:00,7986,1.09556,1.19614,2439,3142,1675,667648
2012-08-07 00:00:00,7704,1.08589,1.19049,2422,2877,1630,647130
2012-08-14 00:00:00,7317,1.0734300000000000,1.17426,2431,2583,1582,623114
2012-08-21 00:00:00,6589,1.0167700000000000,1.13342,2230,2219,1489,581338
2012-08-28 00:00:00,6190,1.04847,1.14306,2109,2094,1486,541528
2012-09-04 00:00:00,5638,0.920349,1.00881,1983,1779,1421,558875
2012-09-11 00:00:00,5539,0.9207790000000000,1.02358,1969,1713,1419,541138
2012-09-18 00:00:00,5474,0.9043330000000000,1.00138,1877,1766,1405,546643
2012-09-25 00:00:00,4915,0.83057,0.9094980000000000,1703,1581,1389,540408
2012-10-02 00:00:00,4506,0.8628370000000000,0.950042,1594,1489,1357,474295
2012-10-09 00:00:00,4510,0.732182,0.829299,1576,1491,1362,543833
2012-10-16 00:00:00,4186,0.724558,0.802109,1432,1405,1341,521874
2012-10-23 00:00:00,4233,0.740848,0.806333,1416,1464,1325,524969
2012-10-30 00:00:00,3886,0.726037,0.796937,1216,1284,1290,487617
2012-11-06 00:00:00,4075,0.7556390000000000,0.7791360000000000,1367,1338,1299,523015
2012-11-13 00:00:00,4168,0.761847,0.797653,1364,1366,1276,522533
2012-11-20 00:00:00,4317,0.779896,0.825485,1331,1561,1265,522965
2012-11-27 00:00:00,5053,0.8991380000000000,0.9354690000000000,1499,1814,1260,540157
2012-12-04 00:00:00,5626,0.999524,1.04345,1681,2035,1317,539175
2012-12-11 00:00:00,6374,1.0558,1.09107,1926,2437,1307,584196
2012-12-18 00:00:00,7110,1.0967,1.20108,2175,2683,1290,591969
2012-12-25 00:00:00,7963,1.24709,1.26179,2393,2963,1364,631088
2013-01-01 00:00:00,9677,1.15746,1.13249,2974,3769,1960,854487
2013-01-08 00:00:00,10420,1.2718400000000000,1.2112100000000000,3276,3925,1990,860298
2013-01-15 00:00:00,10658,1.31623,1.25682,3483,3880,2018,848016
2013-01-22 00:00:00,12036,1.3744400000000000,1.37097,3930,4484,2027,877917
2013-01-29 00:00:00,12502,1.46781,1.42956,4045,4642,2028,874537
2013-02-05 00:00:00,13498,1.5834,1.53588,4434,5062,2017,878845
2013-02-12 00:00:00,13927,1.60253,1.60267,4643,5000,2054,868987
2013-02-19 00:00:00,15168,1.72344,1.7326700000000000,4835,5579,2012,875411
2013-02-26 00:00:00,13975,2.11076,2.09858,4937,4313,2042,665926
2013-03-05 00:00:00,18920,2.1708,2.21374,5549,6579,2055,854664
2013-03-12 00:00:00,19398,2.36971,2.4167400000000000,5501,7046,2054,802651
2013-03-19 00:00:00,24697,3.15997,3.03071,6555,8406,2009,814891
2013-03-26 00:00:00,26988,4.59053,4.38724,7814,7485,2007,615148
2013-04-02 00:00:00,28654,4.28195,4.2112,7488,6726,2033,680424
2013-04-09 00:00:00,28147,3.5628800000000000,3.4649200000000000,6233,7881,2059,812343
2013-04-16 00:00:00,28370,3.36378,3.3169800000000000,6007,9517,2049,855297
2013-04-23 00:00:00,25502,3.39659,3.2407,5878,8858,2062,786928
2013-04-30 00:00:00,23484,3.11922,2.88598,5133,8714,2051,813726
2013-05-07 00:00:00,21085,2.8357200000000000,2.6217200000000000,4729,7711,2051,804244
2013-05-14 00:00:00,18195,2.48484,2.3406700000000000,4210,6717,2018,777340
2013-05-21 00:00:00,17234,2.2741,2.12059,4250,6121,2025,812700
2013-05-28 00:00:00,15914,2.0724400000000000,1.91094,3953,5875,1978,832786
2013-06-04 00:00:00,15044,1.98207,1.9023,3775,5575,1944,790831
2013-06-11 00:00:00,14024,1.8244100000000000,1.7661900000000000,3616,5022,1904,794024
2013-06-18 00:00:00,14926,1.8203600000000000,1.85791,3798,5611,1922,803374
2013-06-25 00:00:00,14661,1.7539100000000000,1.8209400000000000,3523,5812,1887,805133
2013-07-02 00:00:00,14637,1.74542,1.83453,3582,5659,1866,797863
2013-07-09 00:00:00,14206,1.6723600000000000,1.75446,3574,5587,1845,809707
2013-07-16 00:00:00,11723,1.5165900000000000,1.51636,3130,4279,1810,773101
2013-07-23 00:00:00,10814,1.4477800000000000,1.40334,2846,3770,1771,770592
2013-07-30 00:00:00,9648,1.2902800000000000,1.2593,2501,3591,1746,766139
2013-08-06 00:00:00,9775,1.37388,1.32482,2789,3615,1714,737834
2013-08-13 00:00:00,9033,1.34208,1.27576,2544,3256,1660,708049
2013-08-20 00:00:00,8797,1.3456300000000000,1.29483,2733,3068,1570,679395
2013-08-27 00:00:00,7658,1.21291,1.2261,2528,2459,1554,624582
2013-09-03 00:00:00,7229,1.1929100000000000,1.1453800000000000,2383,2349,1461,631143
2013-09-10 00:00:00,6783,1.1414600000000000,1.0678,2227,2181,1461,635233
2013-09-17 00:00:00,6369,1.06503,1.07269,2159,2009,1392,593740
2013-09-24 00:00:00,6038,1.12669,1.01298,2049,1917,1411,596063
2013-10-01 00:00:00,5352,0.9473530000000000,0.994705,1865,1688,1388,538049
2013-10-08 00:00:00,5295,0.9441870000000000,0.880862,1758,1623,1394,601116
2013-10-15 00:00:00,5083,0.9348220000000000,0.858173,1582,1621,1376,592305
2013-10-22 00:00:00,4765,0.8173600000000000,0.8051520000000000,1455,1450,1372,591814
2013-10-29 00:00:00,4942,0.852792,0.8187810000000000,1450,1655,1378,603580
2013-11-05 00:00:00,4744,0.7469940000000000,0.7837350000000000,1460,1528,1382,605307
2013-11-12 00:00:00,4980,0.7610980000000000,0.8487030000000000,1528,1631,1369,586778
2013-11-19 00:00:00,5305,0.7676270000000000,0.8341460000000000,1569,1813,1371,635980
2013-11-26 00:00:00,5799,0.862176,0.9059810000000000,1684,2184,1353,640080
2013-12-03 00:00:00,6050,0.984907,1.04506,1753,2258,1352,578913
2013-12-10 00:00:00,8130,1.16287,1.16816,2300,3316,1401,695966
2013-12-17 00:00:00,8888,1.2273100000000000,1.27649,2535,3650,1405,696282
2013-12-24 00:00:00,8874,1.2071,1.29758,2522,3447,1407,683887
2013-12-31 00:00:00,10150,1.16191,1.20612,2958,3994,1937,841540
2014-01-07 00:00:00,10977,1.30905,1.32485,3055,4437,1960,828544
2014-01-14 00:00:00,11941,1.3707200000000000,1.41192,3442,4728,2000,845727
2014-01-21 00:00:00,12292,1.43373,1.42547,3455,4955,2008,862314
2014-01-28 00:00:00,12313,1.42791,1.43909,3632,5102,2053,855608
2014-02-04 00:00:00,13853,1.61605,1.61532,4277,5799,2058,857601
2014-02-11 00:00:00,14062,1.65976,1.6647300000000000,4424,5816,1997,844700
2014-02-18 00:00:00,16674,2.05459,2.0058,4740,7322,2058,831289
2014-02-25 00:00:00,17602,2.5354100000000000,2.62227,5432,6848,2067,671251
2014-03-04 00:00:00,22905,2.5425300000000000,2.6074900000000000,6185,9106,2097,878430
2014-03-11 00:00:00,29172,3.60563,3.4178,7424,13050,2069,853532
2014-03-18 00:00:00,37382,4.9097600000000000,4.46555,9270,16418,2016,837119
2014-03-25 00:00:00,40533,5.98221,6.11497,10363,13951,1984,662849
2014-04-01 00:00:00,36891,5.47421,5.3097900000000000,9732,9406,1983,694773
2014-04-08 00:00:00,31483,4.2137400000000000,4.0789800000000000,7160,9589,1958,771835
2014-04-15 00:00:00,31204,4.21022,3.93762,7044,11966,1971,792459
2014-04-22 00:00:00,33221,4.25968,4.15076,7840,13949,1966,800359
2014-04-29 00:00:00,30621,3.97761,3.87899,7118,13159,1955,789407
2014-05-06 00:00:00,28151,3.6344300000000000,3.4579400000000000,6656,12093,1950,814097
2014-05-13 00:00:00,25218,3.26527,3.06359,6429,10328,1917,823153
2014-05-20 00:00:00,21109,2.93083,2.82646,5537,8164,1907,746836
2014-05-27 00:00:00,19178,2.54474,2.3599,4823,7280,1934,812660
2014-06-03 00:00:00,18441,2.47227,2.33472,4639,7116,1912,789858
2014-06-10 00:00:00,17833,2.35665,2.21286,4710,6748,1907,805881
2014-06-17 00:00:00,16695,2.17008,2.07619,4559,6084,1883,804117
2014-06-24 00:00:00,16122,2.04297,2.01267,4418,6003,1848,801027
2014-07-01 00:00:00,14975,1.954,1.94192,4174,5623,1819,771143
2014-07-08 00:00:00,13733,1.7228700000000000,1.7480900000000000,3903,4634,1820,785602
2014-07-15 00:00:00,12044,1.53694,1.50367,3448,4214,1813,800974
2014-07-22 00:00:00,10860,1.38283,1.4349400000000000,3182,4011,1768,756827
2014-07-29 00:00:00,11095,1.46265,1.4567300000000000,3203,4280,1753,761638
2014-08-05 00:00:00,10694,1.38934,1.42836,3106,4079,1735,748690
2014-08-12 00:00:00,9671,1.3468,1.35297,2805,3641,1688,714799
2014-08-19 00:00:00,9024,1.25452,1.33093,2754,3296,1622,678023
2014-08-26 00:00:00,7913,1.21636,1.2842200000000000,2593,2714,1579,616171
2014-09-02 00:00:00,6946,1.16734,1.13889,2211,2345,1505,609891
2014-09-09 00:00:00,6744,1.04654,1.10343,2109,2284,1455,611184
2014-09-16 00:00:00,5850,0.9436610000000000,0.9707480000000000,1734,2046,1459,602628
2014-09-23 00:00:00,5913,0.9350460000000000,0.9986810000000000,1897,1921,1445,592081
2014-09-30 00:00:00,5232,0.9347260000000000,0.978057,1678,1701,1417,534938
2014-10-07 00:00:00,5116,0.864118,0.866431,1546,1675,1428,590468
2014-10-14 00:00:00,4870,0.806535,0.827757,1487,1609,1411,588337
2014-10-21 00:00:00,4626,0.742747,0.7975720000000000,1383,1498,1401,580010
2014-10-28 00:00:00,4605,0.737859,0.811221,1415,1459,1352,567663
2014-11-04 00:00:00,4753,0.743224,0.8211650000000000,1392,1590,1364,578812
2014-11-11 00:00:00,4750,0.805251,0.819435,1330,1667,1340,579668
2014-11-18 00:00:00,5173,0.816943,0.8480410000000000,1429,1815,1356,609994
2014-11-25 00:00:00,5648,0.8145180000000000,0.888524,1687,2033,1362,635661
2014-12-02 00:00:00,5963,0.86067,0.9628260000000000,1636,2292,1354,619323
2014-12-09 00:00:00,5970,0.886704,1.02252,1714,2169,1349,583853
2014-12-16 00:00:00,7062,1.00845,1.08392,1993,2744,1369,651524
2014-12-23 00:00:00,7704,1.06625,1.17724,2178,2947,1367,654414
2014-12-30 00:00:00,7626,1.05995,1.1716,2170,2746,1332,650904
2015-01-06 00:00:00,10049,1.22559,1.24325,2849,3693,1963,808287
2015-01-13 00:00:00,10715,1.31066,1.3234,3016,4007,1976,809660
2015-01-20 00:00:00,11584,1.3711,1.40399,3263,4360,1995,825079
2015-01-27 00:00:00,11164,1.39171,1.37629,3141,4148,1999,811165
2015-02-03 00:00:00,12423,1.4371200000000000,1.46866,3563,4783,2048,845875
2015-02-10 00:00:00,12676,1.50165,1.5330000000000000,3746,4725,2028,826877
2015-02-17 00:00:00,13484,1.59805,1.6084100000000000,3960,5076,2023,838344
2015-02-24 00:00:00,12158,1.89668,1.90047,3974,4073,2000,639738
2015-03-03 00:00:00,14617,1.6772800000000000,1.73645,4469,5076,2040,841777
2015-03-10 00:00:00,14986,1.7829600000000000,1.81945,4575,5384,2020,823657
2015-03-17 00:00:00,15396,1.87336,1.9657100000000000,5135,5105,2000,783227
2015-03-24 00:00:00,14839,2.3214800000000000,2.42021,5377,4317,1978,613128
2015-03-31 00:00:00,15679,2.40991,2.41083,5700,4011,1949,650356
2015-04-07 00:00:00,15654,1.94328,1.98859,4775,4494,2004,787192
2015-04-14 00:00:00,15517,1.99796,1.98985,4574,5362,2005,779809
2015-04-21 00:00:00,15661,2.11829,2.1071,4804,5380,2008,743249
2015-04-28 00:00:00,18143,2.2511200000000000,2.19256,5088,6882,2026,827482
2015-05-05 00:00:00,18944,2.3711600000000000,2.3001400000000000,5135,7353,2007,823602
2015-05-12 00:00:00,21774,2.80035,2.6757400000000000,5645,8434,2000,813755
2015-05-19 00:00:00,24681,3.16475,3.02427,5997,9325,1993,816098
2015-05-26 00:00:00,26423,3.15183,3.11328,6299,10127,1956,848718
2015-06-02 00:00:00,28468,3.3321,3.3278800000000000,6619,11415,1952,855439
2015-06-09 00:00:00,30481,3.5602400000000000,3.5918,6660,11856,1922,848628
2015-06-16 00:00:00,24894,3.05479,3.09262,5574,9334,1898,804948
2015-06-23 00:00:00,21940,2.7673200000000000,2.78803,5187,8489,1900,786936
2015-06-30 00:00:00,19603,2.44161,2.52371,4581,7392,1832,776752
2015-07-07 00:00:00,16769,2.03348,2.12928,3707,6403,1813,787543
2015-07-14 00:00:00,16261,1.98593,2.0514200000000000,3572,6595,1805,792672
2015-07-21 00:00:00,15437,1.91514,1.98957,3515,6357,1774,775895
2015-07-28 00:00:00,13836,1.6996800000000000,1.7858,3157,5557,1759,774777
2015-08-04 00:00:00,11870,1.57635,1.60144,2772,4729,1742,741210
2015-08-11 00:00:00,10707,1.3935,1.4743,2871,4046,1690,726244
2015-08-18 00:00:00,9798,1.29941,1.42286,2688,3630,1626,688612
2015-08-25 00:00:00,8787,1.18379,1.38196,2612,3126,1439,635835
2015-09-01 00:00:00,7997,1.13723,1.33712,2545,2620,1482,598077
2015-09-08 00:00:00,7201,1.04118,1.13894,2293,2313,1446,632252
2015-09-15 00:00:00,6768,0.971814,1.09641,2189,2171,1440,617287
2015-09-22 00:00:00,6024,0.8633060000000000,0.999559,2062,1905,1402,602666
2015-09-29 00:00:00,5686,0.8337970000000000,0.99095,1873,1810,1382,573793
2015-10-06 00:00:00,5118,0.784516,0.9312530000000000,1646,1641,1379,549582
2015-10-13 00:00:00,5078,0.7343270000000000,0.843118,1610,1599,1392,602288
2015-10-20 00:00:00,5044,0.6988450000000000,0.8402860000000000,1670,1621,1388,600272
2015-10-27 00:00:00,4925,0.7230990000000000,0.8300650000000000,1580,1624,1393,593327
2015-11-03 00:00:00,4596,0.663501,0.790428,1455,1496,1360,581457
2015-11-10 00:00:00,4868,0.69276,0.8308260000000000,1512,1639,1329,585923
2015-11-17 00:00:00,5265,0.710029,0.8567960000000000,1644,1914,1345,614499
2015-11-24 00:00:00,6260,0.834232,1.00746,1848,2364,1356,621362
2015-12-01 00:00:00,6504,0.9926210000000000,1.0586800000000000,1815,2651,1354,614349
2015-12-08 00:00:00,6623,1.01605,1.10028,1883,2604,1347,601938
2015-12-15 00:00:00,7639,1.07169,1.1457,2026,3073,1365,666755
2015-12-22 00:00:00,8229,1.1016300000000000,1.2189,2341,3298,1363,675119
2015-12-29 00:00:00,8505,1.18841,1.31113,2413,3334,1389,648678
2016-01-05 00:00:00,10864,1.2019,1.27386,3110,4169,1946,852842
2016-01-12 00:00:00,10997,1.23108,1.29342,3207,4078,1973,850228
2016-01-19 00:00:00,11926,1.26796,1.33097,3564,4452,1983,896035
2016-01-26 00:00:00,12648,1.3629800000000000,1.42662,3786,4769,2006,886570
2016-02-02 00:00:00,13790,1.48535,1.57071,4314,5287,1999,877947
2016-02-09 00:00:00,14258,1.55954,1.65146,4703,5193,1990,863356
2016-02-16 00:00:00,15160,1.64783,1.7330900000000000,4979,5610,2000,874739
2016-02-23 00:00:00,14208,1.91275,2.03388,5032,4567,2011,698566
2016-03-01 00:00:00,16605,1.81725,1.8833100000000000,5209,5655,2001,881694
2016-03-08 00:00:00,16961,1.9143300000000000,2.00292,5501,5812,2013,846813
2016-03-15 00:00:00,18463,2.2100300000000000,2.27731,5744,6724,2000,810736
2016-03-22 00:00:00,21565,2.73568,2.91465,6653,7469,1977,739882
2016-03-29 00:00:00,24900,3.3683200000000000,3.5491900000000000,7712,7144,1928,701569
2016-04-05 00:00:00,24178,3.09689,3.08102,6716,6786,2024,784740
2016-04-12 00:00:00,24897,3.07346,3.01875,6020,8843,1997,824746
2016-04-19 00:00:00,28781,3.51643,3.40446,6399,12147,2029,845391
2016-04-26 00:00:00,31265,3.8027,3.52869,6958,14073,2021,886023
2016-05-03 00:00:00,36517,4.5031300000000000,4.10665,7452,17482,2024,889216
2016-05-10 00:00:00,42890,5.06308,4.7551,8110,20150,2027,901978
2016-05-17 00:00:00,41035,4.8600900000000000,4.65163,7726,18692,1967,882163
2016-05-24 00:00:00,40124,4.57916,4.57049,7649,17300,1987,877892
2016-05-31 00:00:00,30183,3.55674,3.4552200000000000,6129,12394,1995,873547
2016-06-07 00:00:00,28060,3.50417,3.29505,5854,11552,1971,851580
2016-06-14 00:00:00,25484,3.2151100000000000,3.16426,5503,10084,1958,805370
2016-06-21 00:00:00,27354,3.10088,3.14433,5514,11503,1940,869946
2016-06-28 00:00:00,24342,2.7905600000000000,2.8793600000000000,5145,10149,1899,845397
2016-07-05 00:00:00,19677,2.38547,2.36977,4488,8178,1906,830332
2016-07-12 00:00:00,15548,1.9703,1.9385300000000000,3909,5847,1861,802052
2016-07-19 00:00:00,13006,1.73442,1.64064,3306,4683,1845,792740
2016-07-26 00:00:00,11924,1.56303,1.4752,2997,4497,1846,808298
2016-08-02 00:00:00,10762,1.4128,1.37755,2890,4105,1795,781240
2016-08-09 00:00:00,10202,1.27492,1.33771,2751,3831,1767,762648
2016-08-16 00:00:00,9809,1.2834,1.34686,2685,3518,1746,728288
2016-08-23 00:00:00,8564,1.1666300000000000,1.26579,2341,3060,1614,676574
2016-08-30 00:00:00,7756,1.1097700000000000,1.25701,2311,2575,1569,617021
2016-09-06 00:00:00,7510,1.0433300000000000,1.16048,2412,2377,1493,647145
2016-09-13 00:00:00,6636,0.905151,1.04834,2049,2099,1470,633003
2016-09-20 00:00:00,6240,0.902718,0.992711,1930,1971,1469,628582
2016-09-27 00:00:00,5596,0.8595310000000000,0.9616030000000000,1771,1748,1422,581945
2016-10-04 00:00:00,5326,0.818998,0.9558180000000000,1728,1564,1456,557219
2016-10-11 00:00:00,4961,0.752505,0.8275970000000000,1545,1578,1405,599446
2016-10-18 00:00:00,4747,0.731146,0.811886,1549,1421,1384,584688
2016-10-25 00:00:00,4879,0.733295,0.818527,1576,1515,1377,596071
2016-11-01 00:00:00,4899,0.73102,0.829758,1529,1485,1390,590413
2016-11-08 00:00:00,4915,0.68834,0.8285030000000000,1559,1481,1386,593239
2016-11-15 00:00:00,5230,0.732049,0.8858960000000000,1603,1691,1350,590363
2016-11-22 00:00:00,6653,0.9111880000000000,1.05351,1964,2549,1379,631507
2016-11-29 00:00:00,7133,1.02105,1.11768,2076,2726,1370,638196
2016-12-06 00:00:00,7072,1.09495,1.14028,2073,2488,1384,620201
2016-12-13 00:00:00,8304,1.09475,1.13326,2372,2942,1485,732755
2016-12-20 00:00:00,8563,1.09775,1.1758900000000000,2544,3075,1484,728214
2016-12-27 00:00:00,9079,1.18882,1.23848,2840,3201,1468,733077
2017-01-03 00:00:00,12839,1.26589,1.2802,3849,4556,2220,1002892
2017-01-10 00:00:00,13267,1.30479,1.33123,4118,4453,2245,996595
2017-01-17 00:00:00,14319,1.34075,1.4078600000000000,4408,4993,2266,1017076
2017-01-24 00:00:00,15832,1.51674,1.5722,5006,5531,2266,1006998
2017-01-31 00:00:00,17069,1.74583,1.7032600000000000,5219,6134,2222,1002140
2017-02-07 00:00:00,19057,1.8870800000000000,1.8663600000000000,6126,6671,2288,1021079
2017-02-14 00:00:00,21892,2.05923,2.07647,6880,7577,2296,1054290
2017-02-21 00:00:00,19816,2.2797100000000000,2.33593,6945,5875,2271,848314
2017-02-28 00:00:00,23752,2.28379,2.24637,7008,7474,2279,1057350
2017-03-07 00:00:00,24955,2.58278,2.49504,7229,8488,2272,1000183
2017-03-14 00:00:00,31502,3.3655800000000000,3.2005,8285,11259,2262,984283
2017-03-21 00:00:00,42782,4.73117,4.43807,10447,14166,2211,963978
2017-03-28 00:00:00,45255,5.70943,5.46361,11335,11540,2132,828299
2017-04-04 00:00:00,47269,5.746580000000000,5.35765,9410,11717,2243,882271
2017-04-11 00:00:00,56761,5.8920700000000000,5.524370000000000,10053,17357,2257,1027466
2017-04-18 00:00:00,63036,6.51759,6.345280000000000,11997,21897,2286,993431
2017-04-25 00:00:00,77326,7.16338,7.018110000000000,13408,30625,2288,1101807
2017-05-02 00:00:00,85985,7.52133,7.7809,14844,37200,2275,1105078
2017-05-09 00:00:00,87825,7.38748,7.76939,15192,38606,2299,1130397
2017-05-16 00:00:00,76210,6.44688,6.8117600000000000,13365,32124,2227,1118800
2017-05-23 00:00:00,53025,4.95881,5.15749,10154,20450,2272,1028116
2017-05-30 00:00:00,36064,3.68612,3.55945,7208,13392,2208,1013191
2017-06-06 00:00:00,29133,3.18626,3.0051800000000000,6368,10850,2214,969427
2017-06-13 00:00:00,25938,2.76894,2.73038,5588,9468,2201,949978
2017-06-20 00:00:00,23805,2.48706,2.47768,5223,8640,2180,960779
2017-06-27 00:00:00,20693,2.40802,2.36314,4721,7214,2144,875658
2017-07-04 00:00:00,19074,2.07483,2.03139,4553,6218,2127,938963
2017-07-11 00:00:00,16664,1.77898,1.8037600000000000,4145,5505,2086,923848
2017-07-18 00:00:00,14869,1.61487,1.58696,3856,5269,2112,936950
2017-07-25 00:00:00,14552,1.5385,1.53801,3723,5336,2088,946160
2017-08-01 00:00:00,13291,1.5261200000000000,1.44974,3658,4815,2018,916783
2017-08-08 00:00:00,11619,1.28847,1.27729,3444,4133,1933,909661
2017-08-15 00:00:00,11066,1.18344,1.22051,3359,3764,1977,906668
2017-08-22 00:00:00,10646,1.24919,1.23235,3385,3429,1896,863879
2017-08-29 00:00:00,9608,1.14131,1.2230000000000000,3220,2987,1802,785606
2017-09-05 00:00:00,8693,0.9878,1.0473,2847,2552,1798,830040
2017-09-12 00:00:00,7573,0.8955650000000000,0.9781130000000000,2375,2245,1753,774246
2017-09-19 00:00:00,7373,0.8922040000000000,0.947548,2312,2162,1773,778114
2017-09-26 00:00:00,6947,0.877184,0.867554,2206,1916,1736,800757
2017-10-03 00:00:00,6258,0.780203,0.8232800000000000,2009,1862,1780,760130
2017-10-10 00:00:00,6501,0.725075,0.771497,1943,1901,1785,842647
2017-10-17 00:00:00,5786,0.68247,0.706819,1741,1720,1748,818597
2017-10-24 00:00:00,5497,0.640393,0.6851550000000000,1665,1643,1741,802300
2017-10-31 00:00:00,5612,0.639127,0.687351,1618,1769,1724,816468
2017-11-07 00:00:00,5861,0.705637,0.735733,1726,1784,1690,796621
2017-11-14 00:00:00,6537,0.707801,0.806048,1986,2170,1725,810994
2017-11-21 00:00:00,7323,0.822659,0.9440130000000000,2239,2468,1610,775731
2017-11-28 00:00:00,8111,0.859864,0.960101,2445,2830,1681,844807
2017-12-05 00:00:00,9530,1.10083,1.1412800000000000,2814,3343,1710,835027
2017-12-12 00:00:00,10065,1.15323,1.14784,2773,3660,1708,876862
2017-12-19 00:00:00,11189,1.2017800000000000,1.31156,3242,3949,1684,853109
2017-12-26 00:00:00,11767,1.2498,1.26102,3481,4198,1710,933130
2018-01-02 00:00:00,17975,1.41876,1.41974,4887,6341,2611,1266076
2018-01-09 00:00:00,18652,1.40077,1.473,5332,6279,2651,1266257
2018-01-16 00:00:00,19948,1.47139,1.58968,5589,6802,2623,1254844
2018-01-23 00:00:00,21634,1.63634,1.7220800000000000,6249,7487,2678,1256271
2018-01-30 00:00:00,23169,1.79125,1.8411400000000000,6869,8291,2666,1258405
2018-02-06 00:00:00,24085,1.8687100000000000,1.92692,7509,8451,2672,1249921
2018-02-13 00:00:00,24419,1.98121,2.0852,7821,8076,2665,1171062
2018-02-20 00:00:00,24635,2.23487,2.40063,8607,7197,2618,1026187
2018-02-27 00:00:00,29096,2.1457200000000000,2.24479,8890,8788,2666,1296156
2018-03-06 00:00:00,28377,2.2513400000000000,2.29962,8809,9276,2658,1233986
2018-03-13 00:00:00,33113,2.6411,2.73181,10156,11376,2650,1212127
2018-03-20 00:00:00,38260,3.13478,3.24012,11515,12816,2596,1180820
2018-03-27 00:00:00,44012,3.96538,4.18077,13615,12044,2581,1052725
2018-04-03 00:00:00,42135,3.45972,3.63095,11686,9572,2630,1160440
2018-04-10 00:00:00,38815,3.07558,3.13643,9369,10758,2656,1237552
2018-04-17 00:00:00,41199,3.3258,3.3621300000000000,9703,14265,2658,1225384
2018-04-24 00:00:00,46241,3.7977300000000000,3.88115,10765,16965,2677,1191426
2018-05-01 00:00:00,55264,4.34227,4.52235,11628,22217,2668,1222020
2018-05-08 00:00:00,69732,4.86953,5.2009100000000000,13899,29772,2673,1340765
2018-05-15 00:00:00,70056,5.0368900000000000,5.42034,14246,29255,2655,1292464
2018-05-22 00:00:00,66461,4.8812,5.27078,13634,26502,2655,1260932
2018-05-29 00:00:00,58802,4.54791,4.58991,11647,23468,2658,1281115
2018-06-05 00:00:00,55431,4.3762,4.39714,11168,21760,2637,1260615
2018-06-12 00:00:00,53177,4.22692,4.12777,10986,20081,2646,1288273
2018-06-19 00:00:00,45668,3.6825100000000000,3.5027800000000000,9721,16800,2653,1303765
2018-06-26 00:00:00,37948,3.0855900000000000,3.04819,8644,13642,2619,1244935
2018-07-03 00:00:00,32941,2.6983100000000000,2.67984,7606,11768,2620,1229217
2018-07-10 00:00:00,27854,2.2867600000000000,2.26612,6754,10005,2568,1229148
2018-07-17 00:00:00,23147,2.0121700000000000,1.9648400000000000,6325,7904,2542,1178058
2018-07-24 00:00:00,20610,1.71323,1.7220100000000000,5698,6621,2516,1196855
2018-07-31 00:00:00,18864,1.5667800000000000,1.5728,5369,6207,2485,1199386
2018-08-07 00:00:00,17107,1.49827,1.45718,4789,5906,2444,1173980
2018-08-14 00:00:00,16459,1.49961,1.50332,4649,5530,2336,1094840
2018-08-21 00:00:00,15763,1.42123,1.40257,4601,5234,2224,1123869
2018-08-28 00:00:00,14776,1.39258,1.4035800000000000,4442,4660,2196,1052737
2018-09-04 00:00:00,13451,1.21697,1.23749,3937,4115,2258,1086961
2018-09-11 00:00:00,12106,1.11266,1.12161,3506,3741,2206,1079343
2018-09-18 00:00:00,10695,0.9918880000000000,1.01276,3056,3288,2159,1056024
2018-09-25 00:00:00,10027,0.946401,0.9597680000000000,2955,3117,2084,1044732
2018-10-02 00:00:00,8722,0.8746950000000000,0.8789170000000000,2512,2726,2154,992358
2018-10-09 00:00:00,8425,0.8091690000000000,0.794181,2346,2661,2111,1060841
2018-10-16 00:00:00,8116,0.75452,0.7663940000000000,2222,2571,2154,1058986
2018-10-23 00:00:00,7787,0.7329830000000000,0.748613,2138,2466,2140,1040191
2018-10-30 00:00:00,7884,0.725811,0.757116,2354,2438,2151,1041320
2018-11-06 00:00:00,8060,0.754209,0.770094,2102,2392,2167,1046625
2018-11-13 00:00:00,8994,0.729672,0.833506,2634,2831,2200,1079056
2018-11-20 00:00:00,10103,0.839875,0.94034,2911,3503,2170,1074399
2018-11-27 00:00:00,11904,0.989358,1.08197,3428,4244,2193,1100212
2018-12-04 00:00:00,13188,1.1354,1.2021600000000000,3810,4548,2217,1097022
2018-12-11 00:00:00,14843,1.23124,1.27291,3912,5502,2247,1166071
2018-12-18 00:00:00,16001,1.24448,1.3881,4469,5678,2224,1152730
2018-12-25 00:00:00,17453,1.3379,1.49515,4981,6121,2211,1167311
2019-01-01 00:00:00,21916,1.4900200000000000,1.50284,6219,7658,2912,1458307
2019-01-08 00:00:00,22954,1.59192,1.59764,6550,7638,2942,1436748
2019-01-15 00:00:00,24886,1.7257200000000000,1.73931,7287,8292,2966,1430800
2019-01-22 00:00:00,27419,1.8341900000000000,1.8603900000000000,7892,9349,2997,1473831
2019-01-29 00:00:00,28910,2.04008,2.01412,8658,10068,3005,1435369
2019-02-05 00:00:00,34586,2.39351,2.36364,10557,12551,3022,1463253
2019-02-12 00:00:00,37732,2.63251,2.6442800000000000,11446,13671,2991,1426928
2019-02-19 00:00:00,44161,2.89941,2.9738700000000000,12716,17058,2987,1484969
2019-02-26 00:00:00,44044,3.4150100000000000,3.4538900000000000,14444,14821,2993,1275199
2019-03-05 00:00:00,48904,3.2579,3.31281,13852,16397,2995,1476208
2019-03-12 00:00:00,56444,3.94308,3.8692800000000000,14728,21877,2958,1458774
2019-03-19 00:00:00,71594,5.06435,5.02613,18001,29182,2926,1424436
2019-03-26 00:00:00,95757,7.061610000000000,7.15315,24097,34004,2917,1338669
2019-04-02 00:00:00,88731,5.90066,6.21936,21594,23392,2970,1426691
2019-04-09 00:00:00,75614,4.9402,5.06711,15564,22756,3002,1492251
2019-04-16 00:00:00,79783,5.33135,5.35768,16587,29668,2995,1489132
2019-04-23 00:00:00,90150,6.07822,6.02274,18574,35275,2997,1496826
2019-04-30 00:00:00,108307,6.74724,6.8727100000000000,20299,44117,2995,1575900
2019-05-07 00:00:00,111361,6.80157,7.08558,20270,45513,3005,1571657
2019-05-14 00:00:00,95418,6.11292,6.220680000000000,17393,36909,2969,1533883
2019-05-21 00:00:00,80559,5.52513,5.619680000000000,15330,28531,2984,1433517
2019-05-28 00:00:00,74823,5.12333,5.10268,13820,25490,2947,1466346
2019-06-04 00:00:00,78779,5.26652,5.289280000000000,13888,26396,2913,1489410
2019-06-11 00:00:00,89607,5.66932,6.28745,14154,27756,2847,1425172
2019-06-18 00:00:00,78584,6.3802900000000000,7.35285,10790,17512,2810,1068755
2019-06-25 00:00:00,53142,4.916920000000000,6.22687,5129,8322,2738,853431
2019-07-02 00:00:00,36251,3.78625,4.82995,2359,4852,2696,750546
2019-07-09 00:00:00,24974,2.8012200000000000,3.4736600000000000,1496,3426,2698,718953
2019-07-16 00:00:00,18274,2.12907,2.5739100000000000,1068,2667,2679,709970
2019-07-23 00:00:00,15164,1.73315,2.02032,926,2317,2663,750576
2019-07-30 00:00:00,12821,1.40939,1.6211,864,2098,2635,790883
2019-08-06 00:00:00,11058,1.1865700000000000,1.35218,720,1883,2624,817791
2019-08-13 00:00:00,10480,1.1144400000000000,1.23805,788,1960,2613,846493
2019-08-20 00:00:00,11416,1.00711,1.07708,900,2221,2963,1059901
2019-08-27 00:00:00,9605,0.8898780000000000,0.887647,805,1893,2946,1082074
2019-09-03 00:00:00,9318,0.815858,0.8209780000000000,801,1967,2925,1134988
2019-09-10 00:00:00,9572,0.837779,0.814955,878,2139,2899,1174543
2019-09-17 00:00:00,11866,0.9291890000000000,0.951491,1005,2679,2935,1247096
2019-09-24 00:00:00,15490,1.13871,1.20333,1212,3487,2892,1287264
2019-10-01 00:00:00,17826,1.27591,1.38465,1394,3965,2888,1287401
2019-10-08 00:00:00,20043,1.34978,1.47371,1544,4092,2913,1360037
2019-10-15 00:00:00,19250,1.34436,1.4380600000000000,1657,4070,2887,1338613
2019-10-22 00:00:00,16523,1.22126,1.2192400000000000,1634,3554,2948,1355190
2019-10-29 00:00:00,15514,1.15381,1.1519,1608,3493,2986,1346820
2019-11-05 00:00:00,14103,1.0649,1.05776,1570,3268,2945,1333292
2019-11-12 00:00:00,13131,0.979173,0.9808870000000000,1587,3141,2965,1338686
2019-11-19 00:00:00,12900,0.967664,0.959772,1804,3263,2923,1344069
2019-11-26 00:00:00,13138,1.00158,0.9724230000000000,1864,3942,2957,1351058
2019-12-03 00:00:00,12232,0.9173390000000000,0.915323,1766,3574,2907,1336359
2019-12-10 00:00:00,13001,1.02954,0.9798100000000000,1995,3806,2894,1326890
2019-12-17 00:00:00,13005,0.9757970000000000,0.956785,2068,3609,2921,1359239
2019-12-24 00:00:00,14457,1.0586,1.0348,2273,4311,2919,1397083
2019-12-31 00:00:00,16493,1.08369,1.0713,2460,4710,3318,1539527
2020-01-07 00:00:00,19156,1.2079800000000000,1.18587,2553,5248,3351,1615360
2020-01-14 00:00:00,17233,1.10574,1.08922,2305,4611,3335,1582135
2020-01-21 00:00:00,18150,1.1882700000000000,1.14924,2445,4855,3356,1579306
2020-01-28 00:00:00,18607,1.25309,1.1899900000000000,2517,4929,3451,1563623
2020-02-04 00:00:00,21401,1.44223,1.33645,2727,5851,3453,1601333
2020-02-11 00:00:00,22603,1.48489,1.37774,2775,5546,3423,1640587
2020-02-18 00:00:00,22695,1.55053,1.4272800000000000,2689,5346,3362,1590088
2020-02-25 00:00:00,21297,1.60937,1.4964,2483,4579,3366,1423220
2020-03-03 00:00:00,22270,1.56746,1.44898,2603,4868,3368,1536943
2020-03-10 00:00:00,22203,1.52214,1.43002,2566,4721,3386,1552636
2020-03-17 00:00:00,20865,1.50787,1.39865,2482,4278,3325,1491798
2020-03-24 00:00:00,19840,1.55631,1.45757,2323,3563,3329,1361170
2020-03-31 00:00:00,22433,1.5924,1.53951,2585,3934,3307,1457151
2020-04-07 00:00:00,22702,1.4767,1.43551,2413,4546,3336,1581455
2020-04-14 00:00:00,19186,1.29451,1.26458,2380,4055,3313,1517183
2020-04-21 00:00:00,18337,1.2526,1.21119,2566,4049,3338,1513962
2020-04-28 00:00:00,16877,1.10043,1.1221,2558,3937,3344,1504061
2020-05-05 00:00:00,16033,1.17828,1.08335,2632,3997,3310,1479946
2020-05-12 00:00:00,14054,1.02473,0.977093,2554,3726,3260,1438348
2020-05-19 00:00:00,12567,0.990461,0.909742,2317,3143,3261,1381381
2020-05-26 00:00:00,13244,0.862614,0.8613220000000000,2534,3525,3271,1537636
2020-06-02 00:00:00,12913,0.839059,0.846722,2756,3528,3258,1525058
2020-06-09 00:00:00,13979,0.895958,0.908885,3203,3778,3254,1538038
2020-06-16 00:00:00,14389,0.910926,0.941625,3478,3796,3177,1528103
2020-06-23 00:00:00,14999,0.946945,0.9721850000000000,3734,3818,3066,1542813
2020-06-30 00:00:00,15307,0.963716,1.01376,3955,3843,3027,1509928