date,RSV Detections,RSV Tests,Surveillance Year,Week ending Code ,temp_c,vapor_pressure_hpa,temp_c_1,temp_c_2,vapor_pressure_hpa_1,vapor_pressure_hpa_2
2010-07-24,61,2491,1011,1029,25.58393690058173,21.776149818076025,25.54223219440508,24.95494969080809,21.36237631721727,20.29125613175632
2010-07-31,42,2407,1011,1030,24.84838410350221,20.76124009257782,25.58393690058173,25.54223219440508,21.776149818076025,21.36237631721727
2010-08-07,40,2122,1011,1031,25.33445584422748,21.06714088245653,24.84838410350221,25.58393690058173,20.76124009257782,21.776149818076025
2010-08-14,58,2840,1011,1032,25.37013728720484,21.069993697762705,25.33445584422748,24.84838410350221,21.06714088245653,20.76124009257782
2010-08-21,57,3051,1011,1033,24.440773638182964,20.19722395479161,25.37013728720484,25.33445584422748,21.069993697762705,21.06714088245653
2010-08-28,55,3169,1011,1034,22.60293551756363,17.111330902302235,24.440773638182964,25.37013728720484,20.19722395479161,21.069993697762705
2010-09-04,68,3683,1011,1035,22.346871732790405,16.49809144458036,22.60293551756363,24.440773638182964,17.111330902302235,20.19722395479161
2010-09-11,96,4307,1011,1036,20.21471323065096,14.973124057437683,22.346871732790405,22.60293551756363,16.49809144458036,17.111330902302235
2010-09-18,98,4674,1011,1037,19.94849542444145,14.810443278360502,20.21471323065096,22.346871732790405,14.973124057437683,16.49809144458036
2010-09-25,143,5247,1011,1038,20.1354837821466,15.09936018822344,19.94849542444145,20.21471323065096,14.810443278360502,14.973124057437683
2010-10-02,157,5113,1011,1039,17.299287154974717,12.58394319128985,20.1354837821466,19.94849542444145,15.09936018822344,14.810443278360502
2010-10-09,258,5604,1011,1040,15.41287218791354,10.794150237402574,17.299287154974717,20.1354837821466,12.58394319128985,15.09936018822344
2010-10-16,294,6163,1011,1041,14.4934693877551,10.010919569038974,15.41287218791354,17.299287154974717,10.794150237402574,12.58394319128985
2010-10-23,366,6437,1011,1042,13.114688595159912,9.566132896838797,14.4934693877551,15.41287218791354,10.010919569038974,10.794150237402574
2010-10-30,388,6592,1011,1043,12.334532985872997,9.253549618924357,13.114688595159912,14.4934693877551,9.566132896838797,10.010919569038974
2010-11-06,526,7236,1011,1044,8.849110329981743,7.137607083483736,12.334532985872997,13.114688595159912,9.253549618924357,9.566132896838797
2010-11-13,592,7877,1011,1045,8.539654841276374,7.315178076105489,8.849110329981743,12.334532985872997,7.137607083483736,9.253549618924357
2010-11-20,760,8505,1011,1046,7.0457737392593405,7.186858867834276,8.539654841276374,8.849110329981743,7.315178076105489,7.137607083483736
2010-11-27,983,8344,1011,1047,4.256977030689627,5.596850744315214,7.0457737392593405,8.539654841276374,7.186858867834276,7.315178076105489
2010-12-04,1075,9220,1011,1048,2.4605347769930472,5.065645028539725,4.256977030689627,7.0457737392593405,5.596850744315214,7.186858867834276
2010-12-11,1350,10145,1011,1049,-0.0526561684117954,4.115366524705918,2.4605347769930472,4.256977030689627,5.065645028539725,5.596850744315214
2010-12-18,1787,11690,1011,1050,-1.3366785714285714,3.871246679809625,-0.0526561684117954,2.4605347769930472,4.115366524705918,5.065645028539725
2010-12-25,2191,12103,1011,1051,0.5265902326094146,4.729513026145045,-1.3366785714285714,-0.0526561684117954,3.871246679809625,4.115366524705918
2011-01-01,3069,14737,1011,1052,0.0957865754542369,4.336149066844783,0.5265902326094146,-1.3366785714285714,4.729513026145045,3.871246679809625
2011-01-08,3180,15301,1011,1101,-1.113712917606913,3.8186545087609054,0.0957865754542369,0.5265902326094146,4.336149066844783,4.729513026145045
2011-01-15,2979,14488,1011,1102,-2.782377003869541,3.5152472392543146,-1.113712917606913,0.0957865754542369,3.8186545087609054,4.336149066844783
2011-01-22,3574,16487,1011,1103,-1.8607228848974624,3.7922474010802207,-2.782377003869541,-1.113712917606913,3.5152472392543146,3.8186545087609054
2011-01-29,4107,18080,1011,1104,0.6696156074946881,4.605486903200315,-1.8607228848974624,-2.782377003869541,3.7922474010802207,3.5152472392543146
2011-02-05,3938,17371,1011,1105,-1.8469697806751009,3.810555070907619,0.6696156074946881,-1.8607228848974624,4.605486903200315,3.7922474010802207
2011-02-12,4491,19197,1011,1106,-1.5399267701794956,3.480521501612624,-1.8469697806751009,0.6696156074946881,3.810555070907619,4.605486903200315
2011-02-19,4359,19966,1011,1107,6.246775485403375,5.873154399249516,-1.5399267701794956,-1.8469697806751009,3.480521501612624,3.810555070907619
2011-02-26,4230,19341,1011,1108,2.301925623482675,5.020760573805781,6.246775485403375,-1.5399267701794956,5.873154399249516,3.480521501612624
2011-03-05,3808,17657,1011,1109,4.473255301569815,5.515750311043291,2.301925623482675,6.246775485403375,5.020760573805781,5.873154399249516
2011-03-12,3087,17093,1011,1110,5.460246755772918,6.087664943175158,4.473255301569815,2.301925623482675,5.515750311043291,5.020760573805781
2011-03-19,2571,15660,1011,1111,9.2068749827781,7.403830630927034,5.460246755772918,4.473255301569815,6.087664943175158,5.515750311043291
2011-03-26,1879,13588,1011,1112,7.13616844668253,6.537935853320111,9.2068749827781,5.460246755772918,7.403830630927034,6.087664943175158
2011-04-02,1432,11950,1011,1113,7.992529767660303,6.649951870255528,7.13616844668253,9.2068749827781,6.537935853320111,7.403830630927034
2011-04-09,1079,10935,1011,1114,11.568892813776356,8.573006411849443,7.992529767660303,7.13616844668253,6.649951870255528,6.537935853320111
2011-04-16,782,9940,1011,1115,11.924405867835056,8.350389549137441,11.568892813776356,7.992529767660303,8.573006411849443,6.649951870255528
2011-04-23,594,8380,1011,1116,12.453847642748514,9.55904278861291,11.924405867835056,11.568892813776356,8.350389549137441,8.573006411849443
2011-04-30,436,7648,1011,1117,14.205779406901112,10.293333332729285,12.453847642748514,11.924405867835056,9.55904278861291,8.350389549137441
2011-05-07,329,6857,1011,1118,14.234294606952018,9.50324265889662,14.205779406901112,12.453847642748514,10.293333332729285,9.55904278861291
2011-05-14,220,6168,1011,1119,16.718711173693364,12.5283988363164,14.234294606952018,14.205779406901112,9.50324265889662,10.293333332729285
2011-05-21,201,5685,1011,1120,16.29933716305789,12.675299431677526,16.718711173693364,14.234294606952018,12.5283988363164,9.50324265889662
2011-05-28,140,5237,1011,1121,19.03498828394211,14.98949145760989,16.29933716305789,16.718711173693364,12.675299431677526,12.5283988363164
2011-06-04,91,4674,1011,1122,21.950011035091592,15.228611437184062,19.03498828394211,16.29933716305789,14.98949145760989,12.675299431677526
2011-06-11,96,4321,1011,1123,22.15807973513588,16.644890356020163,21.950011035091592,19.03498828394211,15.228611437184062,14.98949145760989
2011-06-18,75,3853,1011,1124,21.77714064316156,16.389268410591985,22.15807973513588,21.950011035091592,16.644890356020163,15.228611437184062
2011-06-25,69,3411,1011,1125,22.57065538062808,17.90264969602903,21.77714064316156,22.15807973513588,16.389268410591985,16.644890356020163
2011-07-02,43,3158,1011,1126,24.34404478190988,18.54567193632865,22.57065538062808,21.77714064316156,17.90264969602903,16.389268410591985
2011-07-09,34,2734,1112,1127,25.054589519166854,20.116832385536284,24.34404478190988,22.57065538062808,18.54567193632865,17.90264969602903
2011-07-16,40,2787,1112,1128,25.025635187293474,20.02170695705908,25.054589519166854,24.34404478190988,20.116832385536284,18.54567193632865
2011-07-23,43,2721,1112,1129,26.860241799073844,22.05203712061229,25.025635187293474,25.054589519166854,20.02170695705908,20.116832385536284
2011-07-30,49,2484,1112,1130,25.735507206208425,21.51530923198556,26.860241799073844,25.025635187293474,22.05203712061229,20.02170695705908
2011-08-06,38,2410,1112,1131,25.822576897543705,21.541393332586363,25.735507206208425,26.860241799073844,21.51530923198556,22.05203712061229
2011-08-13,64,2709,1112,1132,23.7467089238264,18.8742319413133,25.822576897543705,25.735507206208425,21.541393332586363,21.51530923198556
2011-08-20,80,2815,1112,1133,23.882126948775056,18.90024375243052,23.7467089238264,25.822576897543705,18.8742319413133,21.541393332586363
2011-08-27,77,3104,1112,1134,24.564050830453684,18.798656907324023,23.882126948775056,23.7467089238264,18.90024375243052,18.8742319413133
2011-09-03,99,3523,1112,1135,23.27294992894759,17.61285314066336,24.564050830453684,23.882126948775056,18.798656907324023,18.90024375243052
2011-09-10,124,3892,1112,1136,19.983705045999443,15.255402391066806,23.27294992894759,24.564050830453684,17.61285314066336,18.798656907324023
2011-09-17,112,4236,1112,1137,18.176098809391345,13.773689344956546,19.983705045999443,23.27294992894759,15.255402391066806,17.61285314066336
2011-09-24,163,4996,1112,1138,18.600943658062725,14.607756788267016,18.176098809391345,19.983705045999443,13.773689344956546,15.255402391066806
2011-10-01,202,5329,1112,1139,17.696057467423987,12.7998530402834,18.600943658062725,18.176098809391345,14.607756788267016,13.773689344956546
2011-10-08,195,5787,1112,1140,16.24064694082247,11.686866263078771,17.696057467423987,18.600943658062725,12.7998530402834,14.607756788267016
2011-10-15,250,5999,1112,1141,15.849144608526052,11.798386200836376,16.24064694082247,17.696057467423987,11.686866263078771,12.7998530402834
2011-10-22,321,6371,1112,1142,11.95791263624453,8.990561343695084,15.849144608526052,16.24064694082247,11.798386200836376,11.686866263078771
2011-10-29,345,6864,1112,1143,10.026551984138065,8.031874533812253,11.95791263624453,15.849144608526052,8.990561343695084,11.798386200836376
2011-11-05,446,7372,1112,1144,8.400796856842454,7.040085374783082,10.026551984138065,11.95791263624453,8.031874533812253,8.990561343695084
2011-11-12,549,8079,1112,1145,8.643319421257653,7.256932986534718,8.400796856842454,10.026551984138065,7.040085374783082,8.031874533812253
2011-11-19,695,8521,1112,1146,7.897995724953501,7.018710071816357,8.643319421257653,8.400796856842454,7.256932986534718,7.040085374783082
2011-11-26,902,7938,1112,1147,7.79162702717739,7.616454306618739,7.897995724953501,8.643319421257653,7.018710071816357,7.256932986534718
2011-12-03,1177,9306,1112,1148,4.639314667781028,5.9365055818487855,7.79162702717739,7.897995724953501,7.616454306618739,7.018710071816357
2011-12-10,1260,9027,1112,1149,1.5827662001613756,4.968153874716941,4.639314667781028,7.79162702717739,5.9365055818487855,7.616454306618739
2011-12-17,1795,10211,1112,1150,4.005048982667671,6.023805138013396,1.5827662001613756,4.639314667781028,4.968153874716941,5.9365055818487855
2011-12-24,2152,10805,1112,1151,3.5117289797737783,5.73843838602374,4.005048982667671,1.5827662001613756,6.023805138013396,4.968153874716941
2011-12-31,2767,12028,1112,1152,4.540020118429832,5.673804159319992,3.5117289797737783,4.005048982667671,5.73843838602374,6.023805138013396
2012-01-07,2767,12248,1112,1201,2.872979176460828,4.523812479617209,4.540020118429832,3.5117289797737783,5.673804159319992,5.73843838602374
2012-01-14,2418,11541,1112,1202,1.3667908902691512,4.400676204146738,2.872979176460828,4.540020118429832,4.523812479617209,5.673804159319992
2012-01-21,2588,11839,1112,1203,0.6952986587431619,4.408416188338919,1.3667908902691512,2.872979176460828,4.400676204146738,4.523812479617209
2012-01-28,2896,12240,1112,1204,3.936672758487013,5.589236802765836,0.6952986587431619,1.3667908902691512,4.408416188338919,4.400676204146738
2012-02-04,2868,12833,1112,1205,5.108530020703934,5.923395047177727,3.936672758487013,0.6952986587431619,5.589236802765836,4.408416188338919
2012-02-11,3029,13374,1112,1206,1.0867487507936946,4.378533159063971,5.108530020703934,3.936672758487013,5.923395047177727,5.589236802765836
2012-02-18,2945,13507,1112,1207,3.881390468827655,5.701057874892991,1.0867487507936946,5.108530020703934,4.378533159063971,5.923395047177727
2012-02-25,2876,13909,1112,1208,5.328959313361393,5.538849712660986,3.881390468827655,1.0867487507936946,5.701057874892991,4.378533159063971
2012-03-03,2756,13614,1112,1209,5.750110047320348,5.953712674522886,5.328959313361393,3.881390468827655,5.538849712660986,5.701057874892991
2012-03-10,2329,13161,1112,1210,7.41238845144357,5.781165522981596,5.750110047320348,5.328959313361393,5.953712674522886,5.538849712660986
2012-03-17,2144,12917,1112,1211,13.98678658855241,10.38247998018525,7.41238845144357,5.750110047320348,5.781165522981596,5.953712674522886
2012-03-24,1611,11563,1112,1212,14.102413878426304,10.7947563528033,13.98678658855241,7.41238845144357,10.38247998018525,5.781165522981596
2012-03-31,1286,10449,1112,1213,12.7344858937624,8.856147812067992,14.102413878426304,13.98678658855241,10.7947563528033,10.38247998018525
2012-04-07,1013,9813,1112,1214,11.986774929244636,7.73595590075806,12.7344858937624,14.102413878426304,8.856147812067992,10.7947563528033
2012-04-14,737,8954,1112,1215,12.505721201452303,8.15605215846914,11.986774929244636,12.7344858937624,7.73595590075806,8.856147812067992
2012-04-21,657,8430,1112,1216,14.132124779929578,10.133060189086526,12.505721201452303,11.986774929244636,8.15605215846914,7.73595590075806
2012-04-28,420,7677,1112,1217,14.236494657500206,9.346316911579924,14.132124779929578,12.505721201452303,10.133060189086526,8.15605215846914
2012-05-05,293,6605,1112,1218,17.731121110896392,13.486918971738694,14.236494657500206,14.132124779929578,9.346316911579924,10.133060189086526
2012-05-12,269,5943,1112,1219,16.521141567591368,11.167705442571611,17.731121110896392,14.236494657500206,13.486918971738694,9.346316911579924
2012-05-19,206,5711,1112,1220,19.499818416925745,12.4869772376066,16.521141567591368,17.731121110896392,11.167705442571611,13.486918971738694
2012-05-26,188,5539,1112,1221,20.40784906905751,14.89972499700494,19.499818416925745,16.521141567591368,12.4869772376066,11.167705442571611
2012-06-02,163,4726,1112,1222,20.12395618308425,14.257212591366551,20.40784906905751,19.499818416925745,14.89972499700494,12.4869772376066
2012-06-09,125,4711,1112,1223,20.73860440800154,14.495204027543863,20.12395618308425,20.40784906905751,14.257212591366551,14.89972499700494
2012-06-16,93,4324,1112,1224,21.90636623748212,15.61239781579298,20.73860440800154,20.12395618308425,14.495204027543863,14.257212591366551
2012-06-23,91,4050,1112,1225,24.208547220842306,17.426785513636272,21.90636623748212,20.73860440800154,15.61239781579298,14.495204027543863
2012-06-30,75,3458,1112,1226,25.39570432899231,17.192691406742483,24.208547220842306,21.90636623748212,17.426785513636272,15.61239781579298
2012-07-07,67,3117,1213,1227,26.48943401435671,20.08488193615413,25.39570432899231,24.208547220842306,17.192691406742483,17.426785513636272
2012-07-14,69,3240,1213,1228,25.117531807315,19.607231977141748,26.48943401435671,25.39570432899231,20.08488193615413,17.192691406742483
2012-07-21,73,3293,1213,1229,25.77263498683056,20.559580951586547,25.117531807315,26.48943401435671,19.607231977141748,20.08488193615413
2012-07-28,69,3254,1213,1230,25.87552470666006,20.30226067121908,25.77263498683056,25.117531807315,20.559580951586547,19.607231977141748
2012-08-04,86,2894,1213,1231,25.62225171422252,20.29771760022837,25.87552470666006,25.77263498683056,20.30226067121908,20.559580951586547
2012-08-11,116,3589,1213,1232,24.441968410279102,18.96912965362805,25.62225171422252,25.87552470666006,20.29771760022837,20.30226067121908
2012-08-18,118,3842,1213,1233,22.907561911598247,17.63287477058806,24.441968410279102,25.62225171422252,18.96912965362805,20.29771760022837
2012-08-25,145,4116,1213,1234,22.858505947924467,17.255568184377076,22.907561911598247,24.441968410279102,17.63287477058806,18.96912965362805
2012-09-01,172,4481,1213,1235,24.06108705843421,18.347978781879128,22.858505947924467,22.907561911598247,17.255568184377076,17.63287477058806
2012-09-08,249,4977,1213,1236,22.404403193281954,17.577268178531813,24.06108705843421,22.858505947924467,18.347978781879128,17.255568184377076
2012-09-15,199,5640,1213,1237,19.304935223458266,13.384981380743088,22.404403193281954,24.06108705843421,17.577268178531813,18.347978781879128
2012-09-22,216,6094,1213,1238,17.741567399855946,12.099761960698856,19.304935223458266,22.404403193281954,13.384981380743088,17.577268178531813
2012-09-29,299,6749,1213,1239,17.52870075579303,12.933955102532124,17.741567399855946,19.304935223458266,12.099761960698856,13.384981380743088
2012-10-06,381,6989,1213,1240,15.037725741425966,11.09075301456486,17.52870075579303,17.741567399855946,12.933955102532124,12.099761960698856
2012-10-13,391,7377,1213,1241,12.81807972116954,9.557627513140597,15.037725741425966,17.52870075579303,11.09075301456486,12.933955102532124
2012-10-20,537,7922,1213,1242,13.93844960810923,10.11512957411461,12.81807972116954,15.037725741425966,9.557627513140597,11.09075301456486
2012-10-27,704,8277,1213,1243,12.071394077322308,9.7669274409258,13.93844960810923,12.81807972116954,10.11512957411461,9.557627513140597
2012-11-03,873,8552,1213,1244,9.457132194393765,7.446294973878669,12.071394077322308,13.93844960810923,9.7669274409258,10.11512957411461
2012-11-10,1184,9732,1213,1245,8.043536906245674,7.014002254616542,9.457132194393765,12.071394077322308,7.446294973878669,9.7669274409258
2012-11-17,1372,10532,1213,1246,5.969774198904201,6.120208321928205,8.043536906245674,9.457132194393765,7.014002254616542,7.446294973878669
2012-11-24,1836,11043,1213,1247,6.795108036600155,6.341134351033996,5.969774198904201,8.043536906245674,6.120208321928205,7.014002254616542
2012-12-01,2167,13257,1213,1248,5.6620889109238135,6.3254336913807565,6.795108036600155,5.969774198904201,6.341134351033996,6.120208321928205
2012-12-08,2702,15300,1213,1249,7.676572847682119,7.675900550617426,5.6620889109238135,6.795108036600155,6.3254336913807565,6.341134351033996
2012-12-15,3640,18219,1213,1250,3.680956192894802,5.678468577703467,7.676572847682119,5.6620889109238135,7.675900550617426,6.3254336913807565
2012-12-22,4503,21509,1213,1251,2.7422269948785725,5.160957698056568,3.680956192894802,7.676572847682119,5.678468577703467,7.675900550617426
2012-12-29,4911,23486,1213,1252,-0.9845729267283012,4.264804935744253,2.7422269948785725,3.680956192894802,5.160957698056568,5.678468577703467
2013-01-05,5368,25832,1213,1301,-1.117615077493929,4.034985670436041,-0.9845729267283012,2.7422269948785725,4.264804935744253,5.160957698056568
2013-01-12,4866,27756,1213,1302,3.748576960309777,5.917483762989255,-1.117615077493929,-0.9845729267283012,4.034985670436041,4.264804935744253
2013-01-19,4827,25923,1213,1303,0.6948883292281295,4.329181824942443,3.748576960309777,-1.117615077493929,5.917483762989255,4.034985670436041
2013-01-26,4517,24001,1213,1304,-1.4871386365518957,3.4835705990124834,0.6948883292281295,3.748576960309777,4.329181824942443,5.917483762989255
2013-02-02,4323,21992,1213,1305,2.1382020296988635,4.995110673064535,-1.4871386365518957,0.6948883292281295,3.4835705990124834,4.329181824942443
2013-02-09,4133,20508,1213,1306,2.607942378820323,5.124506535920111,2.1382020296988635,-1.4871386365518957,4.995110673064535,3.4835705990124834
2013-02-16,3659,18761,1213,1307,2.481019390581717,4.87818241484588,2.607942378820323,2.1382020296988635,5.124506535920111,4.995110673064535
2013-02-23,3108,17650,1213,1308,1.0505724874163394,4.423717316433307,2.481019390581717,2.607942378820323,4.87818241484588,5.124506535920111
2013-03-02,2515,16296,1213,1309,2.719213308974146,4.98080968430637,1.0505724874163394,2.481019390581717,4.423717316433307,4.87818241484588
2013-03-09,2057,15073,1213,1310,4.601940667834404,5.453369341362352,2.719213308974146,1.0505724874163394,4.98080968430637,4.423717316433307
2013-03-16,1666,14339,1213,1311,6.327604583736021,5.816268989225793,4.601940667834404,2.719213308974146,5.453369341362352,4.98080968430637
2013-03-23,1302,13185,1213,1312,3.67782651878828,4.820533252986086,6.327604583736021,4.601940667834404,5.816268989225793,5.453369341362352
2013-03-30,1036,11899,1213,1313,7.07125269143709,6.019572103872116,3.67782651878828,6.327604583736021,4.820533252986086,5.816268989225793
2013-04-06,807,10994,1213,1314,8.80062142817511,6.360962034648345,7.07125269143709,3.67782651878828,6.019572103872116,4.820533252986086
2013-04-13,584,9633,1213,1315,10.901363080004453,8.598693309232917,8.80062142817511,7.07125269143709,6.360962034648345,6.019572103872116
2013-04-20,503,8967,1213,1316,10.766512644568646,8.154931917003514,10.901363080004453,8.80062142817511,8.598693309232917,6.360962034648345
2013-04-27,325,7949,1213,1317,12.16041707269538,8.206250435457088,10.766512644568646,10.901363080004453,8.154931917003514,8.598693309232917
2013-05-04,273,7611,1213,1318,14.014578650905964,9.52206426769081,12.16041707269538,10.766512644568646,8.206250435457088,8.154931917003514
2013-05-11,227,7149,1213,1319,16.213397538495503,11.711315674991576,14.014578650905964,12.16041707269538,9.52206426769081,8.206250435457088
2013-05-18,166,6333,1213,1320,18.397767536839783,12.226132611833242,16.213397538495503,14.014578650905964,11.711315674991576,9.52206426769081
2013-05-25,139,5816,1213,1321,17.902668210259378,13.383834027066223,18.397767536839783,16.213397538495503,12.226132611833242,11.711315674991576
2013-06-01,115,5415,1213,1322,20.53300082895828,15.621823502175996,17.902668210259378,18.397767536839783,13.383834027066223,12.226132611833242
2013-06-08,118,5012,1213,1323,20.06165240745356,15.088295355149556,20.53300082895828,17.902668210259378,15.621823502175996,13.383834027066223
2013-06-15,121,4725,1213,1324,22.515193209242973,16.994378594665903,20.06165240745356,20.53300082895828,15.088295355149556,15.621823502175996
2013-06-22,83,4311,1213,1325,22.81873453615412,17.27817954855074,22.515193209242973,20.06165240745356,16.994378594665903,15.088295355149556
2013-06-29,66,3984,1213,1326,24.71348623089936,20.21858656557073,22.81873453615412,22.515193209242973,17.27817954855074,16.994378594665903
2013-07-06,52,2577,1314,1327,24.44557674186575,19.88518541232452,24.71348623089936,22.81873453615412,20.21858656557073,17.27817954855074
2013-07-13,46,2580,1314,1328,24.95692243767313,20.50307305127361,24.44557674186575,24.71348623089936,19.88518541232452,20.21858656557073
2013-07-20,51,2459,1314,1329,25.96705719812103,21.745627745846683,24.95692243767313,24.44557674186575,20.50307305127361,19.88518541232452
2013-07-27,62,2443,1314,1330,23.0741877206148,18.723520452762013,25.96705719812103,24.95692243767313,21.745627745846683,20.50307305127361
2013-08-03,66,2478,1314,1331,23.021913082187968,18.744168493100315,23.0741877206148,25.96705719812103,18.723520452762013,21.745627745846683
2013-08-10,54,2481,1314,1332,23.38318441196938,19.175277092168383,23.021913082187968,23.0741877206148,18.744168493100315,18.723520452762013
2013-08-17,50,2510,1314,1333,22.1045632333768,17.317382342761864,23.38318441196938,23.021913082187968,19.175277092168383,18.744168493100315
2013-08-24,78,2569,1314,1334,23.87388833166165,19.39478498758505,22.1045632333768,23.38318441196938,17.317382342761864,19.175277092168383
2013-08-31,94,2919,1314,1335,24.701659264225256,21.02277095876724,23.87388833166165,22.1045632333768,19.39478498758505,17.317382342761864
2013-09-07,113,3340,1314,1336,22.70127030113937,18.070303234084967,24.701659264225256,23.87388833166165,21.02277095876724,19.39478498758505
2013-09-14,112,3313,1314,1337,21.50667816795593,17.403364559989203,22.70127030113937,24.701659264225256,18.070303234084967,21.02277095876724
2013-09-21,154,3727,1314,1338,18.87119616429245,14.832248985673187,21.50667816795593,22.70127030113937,17.403364559989203,18.070303234084967
2013-09-28,145,3956,1314,1339,17.130962076511814,12.899100292105128,18.87119616429245,21.50667816795593,14.832248985673187,17.403364559989203
2013-10-05,184,4300,1314,1340,17.502130385140216,13.710560764754318,17.130962076511814,18.87119616429245,12.899100292105128,14.832248985673187
2013-10-12,249,4810,1314,1341,15.10177187769045,11.565729998030514,17.502130385140216,17.130962076511814,13.710560764754318,12.899100292105128
2013-10-19,310,5478,1314,1342,12.604717190798976,10.27958143531513,15.10177187769045,17.502130385140216,11.565729998030514,13.710560764754318
2013-10-26,417,5557,1314,1343,9.731850188511864,7.660137763472063,12.604717190798976,15.10177187769045,10.27958143531513,11.565729998030514
2013-11-02,459,6035,1314,1344,10.775117904899297,9.077266471056204,9.731850188511864,12.604717190798976,7.660137763472063,10.27958143531513
2013-11-09,582,6600,1314,1345,8.492428270743325,7.170325061170824,10.775117904899297,9.731850188511864,9.077266471056204,7.660137763472063
2013-11-16,734,6933,1314,1346,7.377114814095989,6.599869374602508,8.492428270743325,10.775117904899297,7.170325061170824,9.077266471056204
2013-11-23,887,7230,1314,1347,4.740167932162057,5.602985143745596,7.377114814095989,8.492428270743325,6.599869374602508,7.170325061170824
2013-11-30,955,7147,1314,1348,1.833882595262616,4.73267481412459,4.740167932162057,7.377114814095989,5.602985143745596,6.599869374602508
2013-12-07,1282,8863,1314,1349,1.5366853606652486,5.183410930622956,1.833882595262616,4.740167932162057,4.73267481412459,5.602985143745596
2013-12-14,1364,9306,1314,1350,-1.9709622088197865,3.7219263396863353,1.5366853606652486,1.833882595262616,5.183410930622956,4.73267481412459
2013-12-21,1718,10752,1314,1351,2.7231182052062297,5.379685093465204,-1.9709622088197865,1.5366853606652486,3.7219263396863353,5.183410930622956
2013-12-28,2054,11375,1314,1352,0.3736116472729278,4.382302118390977,2.7231182052062297,-1.9709622088197865,5.379685093465204,3.7219263396863353
2014-01-04,2278,13545,1314,1401,-2.260560926236604,3.5077998775269874,0.3736116472729278,2.7231182052062297,4.382302118390977,5.379685093465204
2014-01-11,1902,13579,1314,1402,-0.5032502526103064,3.951057891244872,-2.260560926236604,0.3736116472729278,3.5077998775269874,4.382302118390977
2014-01-18,1810,13119,1314,1403,2.450728250518178,4.669794853024309,-0.5032502526103064,-2.260560926236604,3.951057891244872,3.5077998775269874
2014-01-25,1827,12578,1314,1404,-2.316564193267638,3.013264757567407,2.450728250518178,-0.5032502526103064,4.669794853024309,3.951057891244872
2014-02-01,1757,11793,1314,1405,-1.9957818263734408,3.315212674174764,-2.316564193267638,2.450728250518178,3.013264757567407,4.669794853024309
2014-02-08,1629,10785,1314,1406,-3.378713011068444,3.444743458100509,-1.9957818263734408,-2.316564193267638,3.315212674174764,3.013264757567407
2014-02-15,1574,10336,1314,1407,-0.6369036878312846,3.9472163164157306,-3.378713011068444,-1.9957818263734408,3.444743458100509,3.315212674174764
2014-02-22,1534,9889,1314,1408,5.110815987381348,5.454456579702693,-0.6369036878312846,-3.378713011068444,3.9472163164157306,3.444743458100509
2014-03-01,1368,9227,1314,1409,-0.5873604060913705,3.559193715673617,5.110815987381348,-0.6369036878312846,5.454456579702693,3.9472163164157306
2014-03-08,1219,8882,1314,1410,1.7443492036549832,4.493609098286982,-0.5873604060913705,5.110815987381348,3.559193715673617,5.454456579702693
2014-03-15,1012,8742,1314,1411,6.904224201093388,5.7436674595889405,1.7443492036549832,-0.5873604060913705,4.493609098286982,3.559193715673617
2014-03-22,889,8264,1314,1412,5.847824006305596,5.365616682529009,6.904224201093388,1.7443492036549832,5.7436674595889405,4.493609098286982
2014-03-29,703,7928,1314,1413,6.067146073740501,5.597205109545376,5.847824006305596,6.904224201093388,5.365616682529009,5.7436674595889405
2014-04-05,486,7397,1314,1414,9.301792044111854,7.172865869433787,6.067146073740501,5.847824006305596,5.597205109545376,5.365616682529009
2014-04-12,417,7135,1314,1415,13.176062199476984,8.33394024894225,9.301792044111854,6.067146073740501,7.172865869433787,5.597205109545376
2014-04-19,350,6522,1314,1416,10.85660959865282,7.427166433224047,13.176062199476984,9.301792044111854,8.33394024894225,7.172865869433787
2014-04-26,268,6088,1314,1417,14.016710270908938,9.200287068522288,10.85660959865282,13.176062199476984,7.427166433224047,8.33394024894225
2014-05-03,179,5911,1314,1418,13.899583649815735,9.4248071263339,14.016710270908938,10.85660959865282,9.200287068522288,7.427166433224047
2014-05-10,157,5422,1314,1419,17.006946050368033,11.655302032415552,13.899583649815735,14.016710270908938,9.4248071263339,9.200287068522288
2014-05-17,110,4999,1314,1420,15.887126960040469,11.033892153592028,17.006946050368033,13.899583649815735,11.655302032415552,9.4248071263339
2014-05-24,100,4814,1314,1421,19.136695399082058,13.343462706547976,15.887126960040469,17.006946050368033,11.033892153592028,11.655302032415552
2014-05-31,66,4667,1314,1422,20.95537783764065,15.765428572140353,19.136695399082058,15.887126960040469,13.343462706547976,11.033892153592028
2014-06-07,51,4240,1314,1423,21.471716375914465,15.960706609781504,20.95537783764065,19.136695399082058,15.765428572140353,13.343462706547976
2014-06-14,54,4012,1314,1424,20.833602407605333,15.860578453661564,21.471716375914465,20.95537783764065,15.960706609781504,15.765428572140353
2014-06-21,47,4926,1314,1425,22.9640605296343,17.726936568535116,20.833602407605333,21.471716375914465,15.860578453661564,15.960706609781504
2014-06-28,39,4251,1314,1426,23.20459679685305,19.103096706872577,22.9640605296343,20.833602407605333,17.726936568535116,15.860578453661564
2014-07-05,52,4612,1415,1427,23.879377147040604,18.301798165366964,23.20459679685305,22.9640605296343,19.103096706872577,17.726936568535116
2014-07-12,53,4811,1415,1428,24.60747920086026,19.752826673014816,23.879377147040604,23.20459679685305,18.301798165366964,19.103096706872577
2014-07-19,53,4626,1415,1429,22.59042884826017,18.016017032860265,24.60747920086026,23.879377147040604,19.752826673014816,18.301798165366964
2014-07-26,71,5059,1415,1430,24.41264451883316,19.639473936855765,22.59042884826017,24.60747920086026,18.016017032860265,19.752826673014816
2014-08-02,60,4049,1415,1431,22.68352223190933,18.23199167124494,24.41264451883316,22.59042884826017,19.639473936855765,18.016017032860265
2014-08-09,33,4278,1415,1432,23.459123122785307,19.35615461400021,22.68352223190933,24.41264451883316,18.23199167124494,19.639473936855765
2014-08-16,48,5503,1415,1433,22.77775592763232,18.49132019267161,23.459123122785307,22.68352223190933,19.35615461400021,18.23199167124494
2014-08-23,48,4274,1415,1434,23.644590910368475,20.24161219157244,22.77775592763232,23.459123122785307,18.49132019267161,19.35615461400021
2014-08-30,65,4920,1415,1435,23.00376285030277,18.80252096940912,23.644590910368475,22.77775592763232,20.24161219157244,18.49132019267161
2014-09-06,58,5272,1415,1436,22.699524827082048,18.660394740819505,23.00376285030277,23.644590910368475,18.80252096940912,20.24161219157244
2014-09-13,96,6588,1415,1437,18.80964783565664,14.981735443808711,22.699524827082048,23.00376285030277,18.660394740819505,18.80252096940912
2014-09-20,104,7215,1415,1438,19.35707245642196,15.44446467454233,18.80964783565664,22.699524827082048,14.981735443808711,18.660394740819505
2014-09-27,146,7133,1415,1439,18.892608450704223,14.6761747875395,19.35707245642196,18.80964783565664,15.44446467454233,14.981735443808711
2014-10-04,183,7294,1415,1440,16.236341855286522,12.582022564650172,18.892608450704223,19.35707245642196,14.6761747875395,15.44446467454233
2014-10-11,270,7901,1415,1441,15.45586402425331,11.720929147257026,16.236341855286522,18.892608450704223,12.582022564650172,14.6761747875395
2014-10-18,320,8240,1415,1442,15.086262410949685,11.692827086600122,15.45586402425331,16.236341855286522,11.720929147257026,12.582022564650172
2014-10-25,375,7849,1415,1443,13.872869087032154,10.49806190375744,15.086262410949685,15.45586402425331,11.692827086600122,11.720929147257026
2014-11-01,462,7897,1415,1444,10.628784785344708,8.130367664203769,13.872869087032154,15.086262410949685,10.49806190375744,11.692827086600122
2014-11-08,616,8702,1415,1445,9.538366670412406,7.533257240727836,10.628784785344708,13.872869087032154,8.130367664203769,10.49806190375744
2014-11-15,752,9117,1415,1446,3.0900168728908888,5.056998841419807,9.538366670412406,10.628784785344708,7.533257240727836,8.130367664203769
2014-11-22,876,9955,1415,1447,2.820473659044244,4.804612877926241,3.0900168728908888,9.538366670412406,5.056998841419807,7.533257240727836
2014-11-29,1043,10577,1415,1448,4.944266996569757,5.701781089327604,2.820473659044244,3.0900168728908888,4.804612877926241,5.056998841419807
2014-12-06,1242,12544,1415,1449,4.49965669583814,6.3380008331629325,4.944266996569757,2.820473659044244,5.701781089327604,4.804612877926241
2014-12-13,1549,14510,1415,1450,4.614928062617901,6.355810619787428,4.49965669583814,4.944266996569757,6.3380008331629325,5.701781089327604
2014-12-20,1901,16820,1415,1451,3.2410188498492576,5.978119394828251,4.614928062617901,4.49965669583814,6.355810619787428,6.3380008331629325
2014-12-27,2501,18293,1415,1452,4.74033197355465,6.57210841791864,3.2410188498492576,4.614928062617901,5.978119394828251,6.355810619787428
2015-01-03,3079,19557,1415,1453,-1.3807968998984217,3.904985140524398,4.74033197355465,3.2410188498492576,6.57210841791864,5.978119394828251
2015-01-10,2673,19135,1415,1501,-3.561794985332374,2.9827956053848954,-1.3807968998984217,4.74033197355465,3.904985140524398,6.57210841791864
2015-01-17,2701,18049,1415,1502,0.7285476994629312,4.612332649765627,-3.561794985332374,-1.3807968998984217,2.9827956053848954,3.904985140524398
2015-01-24,2973,17706,1415,1503,3.0246565477509417,5.305874595732255,0.7285476994629312,-3.561794985332374,4.612332649765627,2.9827956053848954
2015-01-31,3253,17620,1415,1504,1.5941262645806844,4.697972872540745,3.0246565477509417,0.7285476994629312,5.305874595732255,4.612332649765627
2015-02-07,3170,17034,1415,1505,1.2964404432132963,4.357055749295172,1.5941262645806844,3.0246565477509417,4.697972872540745,5.305874595732255
2015-02-14,3000,16173,1415,1506,0.6278616039352235,4.036272017994367,1.2964404432132963,1.5941262645806844,4.357055749295172,4.697972872540745
2015-02-21,2569,15020,1415,1507,-2.313264460527043,3.2857769073277137,0.6278616039352235,1.2964404432132963,4.036272017994367,4.357055749295172
2015-02-28,2414,13936,1415,1508,-2.447617069590984,3.3462072158249203,-2.313264460527043,0.6278616039352235,3.2857769073277137,4.036272017994367
2015-03-07,1863,12654,1415,1509,2.0616217570426456,4.605838248952551,-2.447617069590984,-2.313264460527043,3.3462072158249203,3.2857769073277137
2015-03-14,1704,12945,1415,1510,9.575207591933571,7.531338824750879,2.0616217570426456,-2.447617069590984,4.605838248952551,3.3462072158249203
2015-03-21,1362,12066,1415,1511,8.88651766004415,6.817810286112115,9.575207591933571,2.0616217570426456,7.531338824750879,4.605838248952551
2015-03-28,1012,11484,1415,1512,7.77978993218283,6.322569877674845,8.88651766004415,9.575207591933571,6.817810286112115,7.531338824750879
2015-04-04,790,11229,1415,1513,11.373443971944551,7.249582962486497,7.77978993218283,8.88651766004415,6.322569877674845,6.817810286112115
2015-04-11,609,10858,1415,1514,12.553375965451371,9.272743954485248,11.373443971944551,7.77978993218283,7.249582962486497,6.322569877674845
2015-04-18,446,10068,1415,1515,14.45149723756906,9.825635169358184,12.553375965451371,11.373443971944551,9.272743954485248,7.249582962486497
2015-04-25,322,9417,1415,1516,12.17768318637884,8.377075799749974,14.45149723756906,12.553375965451371,9.825635169358184,9.272743954485248
2015-05-02,286,8551,1415,1517,15.000790720740577,9.377813303113912,12.17768318637884,14.45149723756906,8.377075799749974,9.825635169358184
2015-05-09,224,8090,1415,1518,17.787608021271883,13.078456002267556,15.000790720740577,12.17768318637884,9.377813303113912,8.377075799749974
2015-05-16,138,7621,1415,1519,17.286305274226574,13.17442446843793,17.787608021271883,15.000790720740577,13.078456002267556,9.377813303113912
2015-05-23,117,7029,1415,1520,16.51587126029973,12.121566463529218,17.286305274226574,17.787608021271883,13.17442446843793,13.078456002267556
2015-05-30,68,6381,1415,1521,20.36196392339976,16.364738768464658,16.51587126029973,17.286305274226574,12.121566463529218,13.17442446843793
2015-06-06,64,5845,1415,1522,19.790175302341066,15.440232180506587,20.36196392339976,16.51587126029973,16.364738768464658,12.121566463529218
2015-06-13,59,5624,1415,1523,23.12808914019624,18.379786447014467,19.790175302341066,20.36196392339976,15.440232180506587,16.364738768464658
2015-06-20,46,5267,1415,1524,23.521705856255547,19.043850561556265,23.12808914019624,19.790175302341066,18.379786447014467,15.440232180506587
2015-06-27,54,4853,1415,1525,24.01458321809835,18.809352015728344,23.521705856255547,23.12808914019624,19.043850561556265,18.379786447014467
2015-07-04,58,4795,1516,1526,23.522331677704194,19.31792617664688,24.01458321809835,23.521705856255547,18.809352015728344,19.043850561556265
2015-07-11,53,5006,1516,1527,23.611296909492275,19.901996788410766,23.522331677704194,24.01458321809835,19.31792617664688,18.809352015728344
2015-07-18,53,4554,1516,1528,24.655938760846738,20.5228131760902,23.611296909492275,23.522331677704194,19.901996788410766,19.31792617664688
2015-07-25,51,4768,1516,1529,24.63598654090132,19.79669193401012,24.655938760846738,23.611296909492275,20.5228131760902,19.901996788410766
2015-08-01,63,4615,1516,1530,25.168902994342485,19.64592834251757,24.63598654090132,24.655938760846738,19.79669193401012,20.5228131760902
2015-08-08,54,4659,1516,1531,24.031026015946143,19.24046089736612,25.168902994342485,24.63598654090132,19.64592834251757,19.79669193401012
2015-08-15,87,4697,1516,1532,24.470847774660285,19.64665559043014,24.031026015946143,25.168902994342485,19.24046089736612,19.64592834251757
2015-08-22,77,5093,1516,1533,22.877957210733022,18.54827905672059,24.470847774660285,24.031026015946143,19.64665559043014,19.24046089736612
2015-08-29,89,5312,1516,1534,22.126867222754,17.22206557272402,22.877957210733022,24.470847774660285,18.54827905672059,19.64665559043014
2015-09-05,99,6003,1516,1535,23.676898932831136,19.40262963558903,22.126867222754,22.877957210733022,17.22206557272402,18.54827905672059
2015-09-12,140,6707,1516,1536,21.42585224950268,16.90348817203042,23.676898932831136,22.126867222754,19.40262963558903,17.22206557272402
2015-09-19,178,6948,1516,1537,20.18526822332805,15.161004288980529,21.42585224950268,23.676898932831136,16.90348817203042,19.40262963558903
2015-09-26,190,7574,1516,1538,19.63016414003708,14.819523541942717,20.18526822332805,21.42585224950268,15.161004288980529,16.90348817203042
2015-10-03,215,8393,1516,1539,16.808269793118527,13.260766281313392,19.63016414003708,20.18526822332805,14.819523541942717,15.161004288980529
2015-10-10,325,10093,1516,1540,16.61116846935431,13.095696783407856,16.808269793118527,19.63016414003708,13.260766281313392,14.819523541942717
2015-10-17,374,10751,1516,1541,14.370645557526954,9.50979829357718,16.61116846935431,16.808269793118527,13.095696783407856,13.260766281313392
2015-10-24,419,11231,1516,1542,13.87961676778214,10.490584800782084,14.370645557526954,16.61116846935431,9.50979829357718,13.095696783407856
2015-10-31,473,11259,1516,1543,11.918455215959504,9.915985226066988,13.87961676778214,14.370645557526954,10.490584800782084,9.50979829357718
2015-11-07,546,11973,1516,1544,12.489680105170905,10.434913085044965,11.918455215959504,13.87961676778214,9.915985226066988,10.490584800782084
2015-11-14,642,12382,1516,1545,9.061812253397632,7.466675565166052,12.489680105170905,11.918455215959504,10.434913085044965,9.915985226066988
2015-11-21,736,12832,1516,1546,7.503376359998904,6.896943012866152,9.061812253397632,12.489680105170905,7.466675565166052,10.434913085044965
2015-11-28,1080,12761,1516,1547,5.182600972837077,6.279333124324811,7.503376359998904,9.061812253397632,6.896943012866152,7.466675565166052
2015-12-05,1185,13940,1516,1548,4.487401037401037,6.178478500819908,5.182600972837077,7.503376359998904,6.279333124324811,6.896943012866152
2015-12-12,1472,14251,1516,1549,8.35682453543825,8.139383901525447,4.487401037401037,5.182600972837077,6.178478500819908,6.279333124324811
2015-12-19,1933,14973,1516,1550,4.542144131777626,6.006152956852719,8.35682453543825,4.487401037401037,8.139383901525447,6.178478500819908
2015-12-26,2309,14937,1516,1551,6.938637931510251,7.872411220095242,4.542144131777626,8.35682453543825,6.006152956852719,8.139383901525447
2016-01-02,2772,16481,1516,1552,1.1935766586407288,4.845973469558573,6.938637931510251,4.542144131777626,7.872411220095242,6.006152956852719
2016-01-09,2616,17673,1516,1601,0.8974434935264428,4.854898022995689,1.1935766586407288,6.938637931510251,4.845973469558573,7.872411220095242
2016-01-16,2550,18567,1516,1602,-0.4368146929824561,4.045464842960738,0.8974434935264428,1.1935766586407288,4.854898022995689,4.845973469558573
2016-01-23,2859,17509,1516,1603,-1.5137779002480023,3.762893269213267,-0.4368146929824561,0.8974434935264428,4.045464842960738,4.854898022995689
2016-01-30,2972,18557,1516,1604,3.996047880908738,5.528955036953105,-1.5137779002480023,-0.4368146929824561,3.762893269213267,4.045464842960738
2016-02-06,3161,19855,1516,1605,3.2705909930779624,5.253048178281067,3.996047880908738,-1.5137779002480023,5.528955036953105,3.762893269213267
2016-02-13,3013,21754,1516,1606,-0.3980120978828705,3.616818726672745,3.2705909930779624,3.996047880908738,5.253048178281067,5.528955036953105
2016-02-20,3063,23336,1516,1607,6.447640183051222,6.34513445603949,-0.3980120978828705,3.2705909930779624,3.616818726672745,5.253048178281067
2016-02-27,2924,25563,1516,1608,6.050079973526005,5.861851758087028,6.447640183051222,-0.3980120978828705,6.34513445603949,3.616818726672745
2016-03-05,2683,25953,1516,1609,6.3565153814319215,5.75256161881656,6.050079973526005,6.447640183051222,5.861851758087028,6.34513445603949
2016-03-12,2296,27949,1516,1610,11.758969957081543,9.119721743675589,6.3565153814319215,6.050079973526005,5.75256161881656,5.861851758087028
2016-03-19,1897,26184,1516,1611,9.130011530225662,7.0807889518495735,11.758969957081543,6.3565153814319215,9.119721743675589,5.75256161881656
2016-03-26,1418,23435,1516,1612,8.916700151369202,6.900302677866223,9.130011530225662,11.758969957081543,7.0807889518495735,9.119721743675589
2016-04-02,1077,21183,1516,1613,10.531106009674511,7.609701599287746,8.916700151369202,9.130011530225662,6.900302677866223,7.0807889518495735
2016-04-09,837,18468,1516,1614,9.638797963763754,6.509850419952483,10.531106009674511,8.916700151369202,7.609701599287746,6.900302677866223
2016-04-16,645,17043,1516,1615,12.43176037117904,8.443620252690168,9.638797963763754,10.531106009674511,6.509850419952483,7.609701599287746
2016-04-23,475,16009,1516,1616,15.240166106603285,10.209397351361472,12.43176037117904,9.638797963763754,8.443620252690168,6.509850419952483
2016-04-30,389,14419,1516,1617,13.525335850502064,10.555128833377792,15.240166106603285,12.43176037117904,10.209397351361472,8.443620252690168
2016-05-07,231,12197,1516,1618,15.20430222368277,10.81867703081042,13.525335850502064,15.240166106603285,10.555128833377792,10.209397351361472
2016-05-14,191,10935,1516,1619,16.04137996994125,11.296204218378206,15.20430222368277,13.525335850502064,10.81867703081042,10.555128833377792
2016-05-21,161,9857,1516,1620,16.07950320731541,11.58910920430042,16.04137996994125,15.20430222368277,11.296204218378206,10.81867703081042
2016-05-28,121,9146,1516,1621,20.06492575943332,15.037126644839065,16.07950320731541,16.04137996994125,11.58910920430042,11.296204218378206
2016-06-04,124,8370,1516,1622,21.55841999237764,16.623794618749436,20.06492575943332,16.07950320731541,15.037126644839065,11.58910920430042
2016-06-11,88,7650,1516,1623,22.359574932474832,15.73630475923605,21.55841999237764,20.06492575943332,16.623794618749436,15.037126644839065
2016-06-18,65,7236,1516,1624,22.91786778169495,16.8343588974064,22.359574932474832,21.55841999237764,15.73630475923605,16.623794618749436
2016-06-25,48,6786,1516,1625,24.42630316902368,17.817392778381013,22.91786778169495,22.359574932474832,16.8343588974064,15.73630475923605
2016-07-02,50,5389,1516,1626,23.421450554239183,18.289543687125928,24.42630316902368,22.91786778169495,17.817392778381013,16.8343588974064
2016-07-09,53,5785,1617,1627,24.56482830101192,20.0710176668947,23.421450554239183,24.42630316902368,18.289543687125928,17.817392778381013
2016-07-16,62,6048,1617,1628,24.62904968486536,19.63278324762102,24.56482830101192,23.421450554239183,20.0710176668947,18.289543687125928
2016-07-23,52,5471,1617,1629,26.19943863091345,21.05226629286636,24.62904968486536,24.56482830101192,19.63278324762102,20.0710176668947
2016-07-30,52,5390,1617,1630,25.495542060401405,21.35398027385973,26.19943863091345,24.62904968486536,21.05226629286636,19.63278324762102
2016-08-06,67,5446,1617,1631,24.747387510226343,20.540225394701256,25.495542060401405,26.19943863091345,21.35398027385973,21.05226629286636
2016-08-13,70,5642,1617,1632,25.03582048908012,21.41580954479911,24.747387510226343,25.495542060401405,20.540225394701256,21.35398027385973
2016-08-20,75,5909,1617,1633,24.072670570611464,20.155186958701066,25.03582048908012,24.747387510226343,21.41580954479911,20.540225394701256
2016-08-27,94,6497,1617,1634,23.21155366538535,18.691333717211283,24.072670570611464,25.03582048908012,20.155186958701066,21.41580954479911
2016-09-03,128,7257,1617,1635,22.6099252005984,18.050645073208752,23.21155366538535,24.072670570611464,18.691333717211283,20.155186958701066
2016-09-10,152,7377,1617,1636,22.58464102283904,18.060254697112747,22.6099252005984,23.21155366538535,18.050645073208752,18.691333717211283
2016-09-17,175,8591,1617,1637,20.41549794395577,16.176156465387677,22.58464102283904,22.6099252005984,18.060254697112747,18.050645073208752
2016-09-24,234,9319,1617,1638,20.816218642868805,16.80230257264846,20.41549794395577,22.58464102283904,16.176156465387677,18.060254697112747
2016-10-01,319,10103,1617,1639,17.48031836734694,13.65775423196228,20.816218642868805,20.41549794395577,16.80230257264846,16.176156465387677
2016-10-08,444,10819,1617,1640,16.262371470540234,12.443551256059552,17.48031836734694,20.816218642868805,13.65775423196228,16.80230257264846
2016-10-15,430,11305,1617,1641,15.134138495092692,11.235142650547752,16.262371470540234,17.48031836734694,12.443551256059552,13.65775423196228
2016-10-22,558,11769,1617,1642,15.220832534049492,11.41989092173689,15.134138495092692,16.262371470540234,11.235142650547752,12.443551256059552
2016-10-29,598,12166,1617,1643,13.685097534951163,10.788280167756303,15.220832534049492,15.134138495092692,11.41989092173689,11.235142650547752
2016-11-05,866,13058,1617,1644,13.565500300234728,10.559144144118832,13.685097534951163,15.220832534049492,10.788280167756303,11.41989092173689
2016-11-12,992,14197,1617,1645,10.33102276774706,7.954613357457585,13.565500300234728,13.685097534951163,10.559144144118832,10.788280167756303
2016-11-19,1336,15265,1617,1646,8.912626538987688,7.309974877177733,10.33102276774706,13.565500300234728,7.954613357457585,10.559144144118832
2016-11-26,1407,14169,1617,1647,6.068971267667241,6.548171231676204,8.912626538987688,10.33102276774706,7.309974877177733,7.954613357457585
2016-12-03,1983,17224,1617,1648,5.6913510858889005,6.526281606716291,6.068971267667241,8.912626538987688,6.548171231676204,7.309974877177733
2016-12-10,2164,17644,1617,1649,0.6326279863481229,4.508694431363763,5.6913510858889005,6.068971267667241,6.526281606716291,6.548171231676204
2016-12-17,2855,19623,1617,1650,-0.7907159845813171,4.070230582154554,0.6326279863481229,5.6913510858889005,4.508694431363763,6.526281606716291
2016-12-24,3518,20846,1617,1651,2.301742901562884,5.177798597568745,-0.7907159845813171,0.6326279863481229,4.070230582154554,4.508694431363763
2016-12-31,4447,24875,1617,1652,3.6027642516437623,5.70609329504518,2.301742901562884,-0.7907159845813171,5.177798597568745,4.070230582154554
2017-01-07,4848,27644,1617,1701,-2.3107559419014088,3.738344083671422,3.6027642516437623,2.301742901562884,5.70609329504518,5.177798597568745
2017-01-14,4009,27214,1617,1702,2.0394177270974496,5.147777093732715,-2.3107559419014088,3.6027642516437623,3.738344083671422,5.70609329504518
2017-01-21,4150,27367,1617,1703,5.274952355023141,7.232004617972895,2.0394177270974496,-2.3107559419014088,5.147777093732715,3.738344083671422
2017-01-28,4415,28354,1617,1704,2.924381184904288,5.238688364848176,5.274952355023141,2.0394177270974496,7.232004617972895,5.147777093732715
2017-02-04,3889,28490,1617,1705,2.053842384857393,4.447620073557558,2.924381184904288,5.274952355023141,5.238688364848176,7.232004617972895
2017-02-11,4009,30859,1617,1706,5.40532562699969,6.127729008779808,2.053842384857393,2.924381184904288,4.447620073557558,5.238688364848176
2017-02-18,3463,30769,1617,1707,6.338383942889659,6.122171606456127,5.40532562699969,2.053842384857393,6.127729008779808,4.447620073557558
2017-02-25,2928,28952,1617,1708,7.963257399659074,7.231552837163549,6.338383942889659,5.40532562699969,6.122171606456127,6.127729008779808
2017-03-04,2302,25051,1617,1709,5.955415955741689,5.590596073559752,7.963257399659074,6.338383942889659,7.231552837163549,6.122171606456127
2017-03-11,1829,23892,1617,1710,6.187725368785285,5.419644221163968,5.955415955741689,7.963257399659074,5.590596073559752,7.231552837163549
2017-03-18,1490,22315,1617,1711,5.478770587472442,5.381292815766887,6.187725368785285,5.955415955741689,5.419644221163968,5.590596073559752
2017-03-25,1115,21368,1617,1712,9.778036222509702,7.5152536651532,5.478770587472442,6.187725368785285,5.381292815766887,5.419644221163968
2017-04-01,841,19714,1617,1713,10.711076487993925,9.143482992920411,9.778036222509702,5.478770587472442,7.5152536651532,5.381292815766887
2017-04-08,707,18641,1617,1714,11.70011545223164,8.301318758284898,10.711076487993925,9.778036222509702,9.143482992920411,7.5152536651532
2017-04-15,550,16951,1617,1715,14.962143988368773,10.131107016395342,11.70011545223164,10.711076487993925,8.301318758284898,9.143482992920411
2017-04-22,413,15229,1617,1716,14.29433309937872,10.74019442724714,14.962143988368773,11.70011545223164,10.131107016395342,8.301318758284898
2017-04-29,281,13925,1617,1717,14.14148327350294,10.925809480496104,14.29433309937872,14.962143988368773,10.74019442724714,10.131107016395342
2017-05-06,195,12335,1617,1718,14.831228024482357,10.256236830222576,14.14148327350294,14.29433309937872,10.925809480496104,10.74019442724714
2017-05-13,184,11526,1617,1719,16.078447624260434,11.458166036356504,14.831228024482357,14.14148327350294,10.256236830222576,10.925809480496104
2017-05-20,138,11177,1617,1720,18.22685230969421,13.358064977550567,16.078447624260434,14.831228024482357,11.458166036356504,10.256236830222576
2017-05-27,112,9846,1617,1721,17.98105552958288,13.769338144916231,18.22685230969421,16.078447624260434,13.358064977550567,11.458166036356504
2017-06-03,117,8868,1617,1722,20.29966350882642,14.918088910508596,17.98105552958288,18.22685230969421,13.769338144916231,13.358064977550567
2017-06-10,93,8421,1617,1723,21.30710449155401,15.408667255031434,20.29966350882642,17.98105552958288,14.918088910508596,13.769338144916231
2017-06-17,101,7700,1617,1724,23.14128526157203,18.33897782264716,21.30710449155401,20.29966350882642,15.408667255031434,14.918088910508596
2017-06-24,80,7294,1617,1725,23.258931678308965,17.93040212298563,23.14128526157203,21.30710449155401,18.33897782264716,15.408667255031434
2017-07-01,80,5761,1617,1726,22.85522434404596,17.418334388220046,23.258931678308965,23.14128526157203,17.93040212298563,18.33897782264716
2017-07-08,88,5690,1718,1727,25.04392984450069,19.85103809020861,22.85522434404596,23.258931678308965,17.418334388220046,17.93040212298563
2017-07-15,97,5901,1718,1728,25.017481096651405,21.255133765809987,25.04392984450069,22.85522434404596,19.85103809020861,17.418334388220046
2017-07-22,122,5763,1718,1729,25.796889939855035,21.83935342592865,25.017481096651405,25.04392984450069,21.255133765809987,19.85103809020861
2017-07-29,107,5589,1718,1730,23.960613468515994,20.10241067655581,25.796889939855035,25.017481096651405,21.83935342592865,21.255133765809987
2017-08-05,124,5533,1718,1731,23.31967191940068,19.107884513407665,23.960613468515994,25.796889939855035,20.10241067655581,21.83935342592865
2017-08-12,120,5571,1718,1732,22.74864131838612,19.355069538076464,23.31967191940068,23.960613468515994,19.107884513407665,20.10241067655581
2017-08-19,159,6272,1718,1733,23.672092243402894,20.08128617721836,22.74864131838612,23.31967191940068,19.355069538076464,19.107884513407665
2017-08-26,163,6704,1718,1734,22.44084047012833,17.973996186935196,23.672092243402894,22.74864131838612,20.08128617721836,19.355069538076464
2017-09-02,194,7410,1718,1735,21.23877850792424,16.846266003921397,22.44084047012833,23.672092243402894,17.973996186935196,20.08128617721836
2017-09-09,231,8019,1718,1736,19.77465309181116,14.957241535312662,21.23877850792424,22.44084047012833,16.846266003921397,17.973996186935196
2017-09-16,210,9627,1718,1737,20.47631429015383,16.50964638951947,19.77465309181116,21.23877850792424,14.957241535312662,16.846266003921397
2017-09-23,243,10288,1718,1738,20.921447514096656,17.39863695497418,20.47631429015383,19.77465309181116,16.50964638951947,14.957241535312662
2017-09-30,300,10960,1718,1739,18.34859147715632,14.185412876108352,20.921447514096656,20.47631429015383,17.39863695497418,16.50964638951947
2017-10-07,425,12172,1718,1740,17.839075393367846,14.324294102153132,18.34859147715632,20.921447514096656,14.185412876108352,17.39863695497418
2017-10-14,484,12575,1718,1741,16.053720196083464,13.142144974569636,17.839075393367846,18.34859147715632,14.324294102153132,14.185412876108352
2017-10-21,617,13281,1718,1742,14.5381836786902,10.19939981108598,16.053720196083464,17.839075393367846,13.142144974569636,14.324294102153132
2017-10-28,791,14241,1718,1743,11.491183187498397,8.820588701925537,14.5381836786902,16.053720196083464,10.19939981108598,13.142144974569636
2017-11-04,1000,14685,1718,1744,10.664833056159653,9.300480013112525,11.491183187498397,14.5381836786902,8.820588701925537,10.19939981108598
2017-11-11,1434,16273,1718,1745,6.455712365591398,6.908524827662206,10.664833056159653,11.491183187498397,9.300480013112525,8.820588701925537
2017-11-18,1852,17587,1718,1746,7.564484611626771,7.280586902564812,6.455712365591398,10.664833056159653,6.908524827662206,9.300480013112525
2017-11-25,2031,16461,1718,1747,7.040264280939894,6.247018319883184,7.564484611626771,6.455712365591398,7.280586902564812,6.908524827662206
2017-12-02,2396,19351,1718,1748,7.650192643583684,6.8937324543619205,7.040264280939894,7.564484611626771,6.247018319883184,7.280586902564812
2017-12-09,2939,21675,1718,1749,3.0909602332843025,5.064408814662601,7.650192643583684,7.040264280939894,6.8937324543619205,6.247018319883184
2017-12-16,3060,22277,1718,1750,1.9073205200678351,4.541487987189166,3.0909602332843025,7.650192643583684,5.064408814662601,6.8937324543619205
2017-12-23,3975,29129,1718,1751,3.7976249356002056,5.9367866250463175,1.9073205200678351,3.0909602332843025,4.541487987189166,5.064408814662601
2017-12-30,4640,34139,1718,1752,-4.890118740320083,2.7583536263125024,3.7976249356002056,1.9073205200678351,5.9367866250463175,4.541487987189166
2018-01-06,4599,37510,1718,1801,-5.524022317640706,2.478292006559198,-4.890118740320083,3.7976249356002056,2.7583536263125024,5.9367866250463175
2018-01-13,4454,39332,1718,1802,2.076889199761664,5.29997269938832,-5.524022317640706,-4.890118740320083,2.478292006559198,2.7583536263125024
2018-01-20,4434,38484,1718,1803,0.1657608976679249,4.229497811594592,2.076889199761664,-5.524022317640706,5.29997269938832,2.478292006559198
2018-01-27,4750,41755,1718,1804,3.695712925555184,5.327508355476665,0.1657608976679249,2.076889199761664,4.229497811594592,5.29997269938832
2018-02-03,4731,42558,1718,1805,1.415932552452053,4.242681297539125,3.695712925555184,0.1657608976679249,5.327508355476665,4.229497811594592
2018-02-10,4414,42373,1718,1806,0.9565443677213232,4.673290268582951,1.415932552452053,3.695712925555184,4.242681297539125,5.327508355476665
2018-02-17,4049,39439,1718,1807,4.709222613931705,6.1588305369162,0.9565443677213232,1.415932552452053,4.673290268582951,4.242681297539125
2018-02-24,3329,34607,1718,1808,5.525076935012542,6.961489980780469,4.709222613931705,0.9565443677213232,6.1588305369162,4.673290268582951
2018-03-03,2837,29824,1718,1809,6.680549258037923,6.320602377703447,5.525076935012542,4.709222613931705,6.961489980780469,6.1588305369162
2018-03-10,2217,26122,1718,1810,4.558621225462268,5.26895658390006,6.680549258037923,5.525076935012542,6.320602377703447,6.961489980780469
2018-03-17,1882,23787,1718,1811,5.518755793593573,5.594639866044645,4.558621225462268,6.680549258037923,5.26895658390006,6.320602377703447
2018-03-24,1543,21641,1718,1812,6.583415688696727,6.071470346850043,5.518755793593573,4.558621225462268,5.594639866044645,5.26895658390006
2018-03-31,1298,20351,1718,1813,8.66331689272503,7.38651202952199,6.583415688696727,5.518755793593573,6.071470346850043,5.594639866044645
2018-04-07,1025,18840,1718,1814,6.879275773195877,6.233796789983611,8.66331689272503,6.583415688696727,7.38651202952199,6.071470346850043
2018-04-14,806,17379,1718,1815,10.19217217580821,7.628041476202909,6.879275773195877,8.66331689272503,6.233796789983611,7.38651202952199
2018-04-21,596,15326,1718,1816,9.884225785760105,6.858491616157735,10.19217217580821,6.879275773195877,7.628041476202909,6.233796789983611
2018-04-28,476,14435,1718,1817,13.89164974162532,9.37784136561116,9.884225785760105,10.19217217580821,6.858491616157735,7.628041476202909
2018-05-05,357,12688,1718,1818,17.55434872217642,11.742806878239255,13.89164974162532,9.884225785760105,9.37784136561116,6.858491616157735
2018-05-12,267,11205,1718,1819,18.578554688506014,12.887222437124125,17.55434872217642,13.89164974162532,11.742806878239255,9.37784136561116
2018-05-19,233,9896,1718,1820,19.295331651045423,15.459904084844895,18.578554688506014,17.55434872217642,12.887222437124125,11.742806878239255
2018-05-26,141,9223,1718,1821,21.265328561796583,16.834995853396016,19.295331651045423,18.578554688506014,15.459904084844895,12.887222437124125
2018-06-02,139,8400,1718,1822,22.166580411437444,17.90060082227858,21.265328561796583,19.295331651045423,16.834995853396016,15.459904084844895
2018-06-09,138,7979,1718,1823,21.78882301611744,16.110953957655237,22.166580411437444,21.265328561796583,17.90060082227858,16.834995853396016
2018-06-16,109,7431,1718,1824,22.810737961868547,17.45600852876018,21.78882301611744,22.166580411437444,16.110953957655237,17.90060082227858
2018-06-23,111,7084,1718,1825,23.120086275927985,19.311851363168028,22.810737961868547,21.78882301611744,17.45600852876018,16.110953957655237
2018-06-30,99,6415,1718,1826,24.426241061783013,19.927078647507454,23.120086275927985,22.810737961868547,19.311851363168028,17.45600852876018
2018-07-07,95,5939,1819,1827,25.14340865074241,20.261298852880422,24.426241061783013,23.120086275927985,19.927078647507454,19.311851363168028
2018-07-14,80,6076,1819,1828,25.33584303223813,20.56976532030716,25.14340865074241,24.426241061783013,20.261298852880422,19.927078647507454
2018-07-21,99,5950,1819,1829,24.736159214267254,20.44773058739178,25.33584303223813,25.14340865074241,20.56976532030716,20.261298852880422
2018-07-28,109,5810,1819,1830,24.479906758705955,20.38032708796424,24.736159214267254,25.33584303223813,20.44773058739178,20.56976532030716
2018-08-04,104,5482,1819,1831,24.35488439157526,20.55941759186709,24.479906758705955,24.736159214267254,20.38032708796424,20.44773058739178
2018-08-11,106,5935,1819,1832,25.00554111439969,21.19550757233178,24.35488439157526,24.479906758705955,20.55941759186709,20.38032708796424
2018-08-18,114,6113,1819,1833,24.124244611735588,21.20902540778767,25.00554111439969,24.35488439157526,21.19550757233178,20.55941759186709
2018-08-25,150,6633,1819,1834,22.593177065854352,18.767338875166857,24.124244611735588,25.00554111439969,21.20902540778767,21.19550757233178
2018-09-01,196,7304,1819,1835,23.606738710922425,19.84079735238489,22.593177065854352,24.124244611735588,18.767338875166857,21.20902540778767
2018-09-08,172,7824,1819,1836,22.428737768827617,19.21408031101553,23.606738710922425,22.593177065854352,19.84079735238489,18.767338875166857
2018-09-15,259,9334,1819,1837,21.809809036836064,18.33375522196493,22.428737768827617,23.606738710922425,19.21408031101553,19.84079735238489
2018-09-22,298,10214,1819,1838,20.666266287736608,16.9462096546196,21.809809036836064,22.428737768827617,18.33375522196493,19.21408031101553
2018-09-29,339,11699,1819,1839,17.5795223432608,14.361613187761767,20.666266287736608,21.809809036836064,16.9462096546196,18.33375522196493
2018-10-06,444,12946,1819,1840,17.880619574204218,15.620822530957437,17.5795223432608,20.666266287736608,14.361613187761767,16.9462096546196
2018-10-13,646,13688,1819,1841,14.10141638666322,12.29495981261292,17.880619574204218,17.5795223432608,15.620822530957437,14.361613187761767
2018-10-20,780,14941,1819,1842,11.28284936012746,8.743969942157186,14.10141638666322,17.880619574204218,12.29495981261292,15.620822530957437
2018-10-27,962,15975,1819,1843,10.751291371234034,9.030587815181429,11.28284936012746,14.10141638666322,8.743969942157186,12.29495981261292
2018-11-03,1263,17228,1819,1844,10.845444793502416,9.290948435853904,10.751291371234034,11.28284936012746,9.030587815181429,8.743969942157186
2018-11-10,1496,17543,1819,1845,6.8095818275684055,6.984746889276061,10.845444793502416,10.751291371234034,9.290948435853904,9.030587815181429
2018-11-17,1852,18473,1819,1846,3.109067370928486,5.348835961787127,6.8095818275684055,10.845444793502416,6.984746889276061,9.290948435853904
2018-11-24,2204,18627,1819,1847,4.49443594199891,6.0122466294700265,3.109067370928486,6.8095818275684055,5.348835961787127,6.984746889276061
2018-12-01,2594,20591,1819,1848,4.506249514789224,6.279776126425921,4.49443594199891,3.109067370928486,6.0122466294700265,5.348835961787127
2018-12-08,2891,20630,1819,1849,0.8595221526327997,4.689627515823921,4.506249514789224,4.49443594199891,6.279776126425921,6.0122466294700265
2018-12-15,3431,23531,1819,1850,3.194121902694881,5.592707864313456,0.8595221526327997,4.506249514789224,4.689627515823921,6.279776126425921
2018-12-22,4221,26408,1819,1851,4.404123790903478,6.028509029910596,3.194121902694881,0.8595221526327997,5.592707864313456,4.689627515823921
2018-12-29,4588,28533,1819,1852,2.727975974732046,5.601769657431939,4.404123790903478,3.194121902694881,6.028509029910596,5.592707864313456
2019-01-05,4834,30369,1819,1901,3.222321050794885,6.012624672979581,2.727975974732046,4.404123790903478,5.601769657431939,6.028509029910596
2019-01-12,4024,28697,1819,1902,1.8190242896188955,4.854490436766413,3.222321050794885,2.727975974732046,6.012624672979581,5.601769657431939
2019-01-19,3833,28030,1819,1903,0.3487331760068463,4.794297263407055,1.8190242896188955,3.222321050794885,4.854490436766413,6.012624672979581
2019-01-26,3771,30833,1819,1904,-0.8349258436256524,3.908684870085168,0.3487331760068463,1.8190242896188955,4.794297263407055,4.854490436766413
2019-02-02,3679,31152,1819,1905,-1.1165329883570505,3.814098157687321,-0.8349258436256524,0.3487331760068463,3.908684870085168,4.794297263407055
2019-02-09,3575,33791,1819,1906,1.5186684241813342,4.907838101049287,-1.1165329883570505,-0.8349258436256524,3.814098157687321,3.908684870085168
2019-02-16,3152,31093,1819,1907,1.9647471362892543,4.99686473692635,1.5186684241813342,-1.1165329883570505,4.907838101049287,3.814098157687321
2019-02-23,2944,31764,1819,1908,1.155813953488372,4.870100360708631,1.9647471362892543,1.5186684241813342,4.99686473692635,4.907838101049287
2019-03-02,2556,31823,1819,1909,0.92228417312829,4.472314718440956,1.155813953488372,1.9647471362892543,4.870100360708631,4.99686473692635
2019-03-09,2244,32047,1819,1910,0.9838335802084146,4.36147140814582,0.92228417312829,1.155813953488372,4.472314718440956,4.870100360708631
2019-03-16,2083,32836,1819,1911,6.7496060740008845,6.300910554559392,0.9838335802084146,0.92228417312829,4.36147140814582,4.472314718440956
2019-03-23,1772,31181,1819,1912,7.293690199120766,6.243092419197956,6.7496060740008845,0.9838335802084146,6.300910554559392,4.36147140814582
2019-03-30,1452,27985,1819,1913,9.18973490236648,7.049153042433749,7.293690199120766,6.7496060740008845,6.243092419197956,6.300910554559392
2019-04-06,1016,24167,1819,1914,10.440384467315145,7.927162948126198,9.18973490236648,7.293690199120766,7.049153042433749,6.243092419197956
2019-04-13,761,21059,1819,1915,12.225078758456853,9.214067836363103,10.440384467315145,9.18973490236648,7.927162948126198,7.049153042433749
2019-04-20,643,19640,1819,1916,13.692023094449048,9.721474281774151,12.225078758456853,10.440384467315145,9.214067836363103,7.927162948126198
2019-04-27,506,18030,1819,1917,14.604132167453376,10.146471777192854,13.692023094449048,12.225078758456853,9.721474281774151,9.214067836363103
2019-05-04,371,16015,1819,1918,14.60867065435982,11.366941311467093,14.604132167453376,13.692023094449048,10.146471777192854,9.721474281774151
2019-05-11,268,14181,1819,1919,15.264222330821264,11.705360523018784,14.60867065435982,14.604132167453376,11.366941311467093,10.146471777192854
2019-05-18,215,13398,1819,1920,17.218177609752335,12.616865300102653,15.264222330821264,14.60867065435982,11.705360523018784,11.366941311467093
2019-05-25,212,12380,1819,1921,18.254682015279787,13.972812543757891,17.218177609752335,15.264222330821264,12.616865300102653,11.705360523018784
2019-06-01,178,11460,1819,1922,20.169906455592105,15.560738836695544,18.254682015279787,17.218177609752335,13.972812543757891,12.616865300102653
2019-06-08,105,9474,1819,1923,21.105153630205788,15.796294366196529,20.169906455592105,18.254682015279787,15.560738836695544,13.972812543757891
2019-06-15,96,8588,1819,1924,20.682894770621004,14.790223870490356,21.105153630205788,20.169906455592105,15.796294366196529,15.560738836695544
2019-06-22,99,8123,1819,1925,21.791091635520043,17.518827163685778,20.682894770621004,21.105153630205788,14.790223870490356,15.796294366196529
2019-06-29,94,7594,1819,1926,23.9181980029414,18.68324542052976,21.791091635520043,20.682894770621004,17.518827163685778,14.790223870490356
2019-07-06,138,7653,1920,1927,24.68524577393472,20.58812632882112,23.9181980029414,21.791091635520043,18.68324542052976,17.518827163685778
2019-07-13,131,7830,1920,1928,25.14098207811044,20.326941808060635,24.68524577393472,23.9181980029414,20.58812632882112,18.68324542052976
2019-07-20,130,7322,1920,1929,26.099598434925863,21.83050974342705,25.14098207811044,24.68524577393472,20.326941808060635,20.58812632882112
2019-07-27,93,6891,1920,1930,24.06760153493523,18.545019183603173,26.099598434925863,25.14098207811044,21.83050974342705,20.326941808060635
2019-08-03,122,6956,1920,1931,24.74486482307157,20.01227855817909,24.06760153493523,26.099598434925863,18.545019183603173,21.83050974342705
2019-08-10,111,7147,1920,1932,24.463880073277085,20.02879040218228,24.74486482307157,24.06760153493523,20.01227855817909,18.545019183603173
2019-08-17,150,7365,1920,1933,24.32291305360702,19.94779126520444,24.463880073277085,24.74486482307157,20.02879040218228,20.01227855817909
2019-08-24,175,7482,1920,1934,23.650737113402062,19.18486918049256,24.32291305360702,24.463880073277085,19.94779126520444,20.02879040218228
2019-08-31,175,8609,1920,1935,22.383804779848244,17.594715483181222,23.650737113402062,24.32291305360702,19.18486918049256,19.94779126520444
2019-09-07,213,9640,1920,1936,22.73197994469284,18.179471713160737,22.383804779848244,23.650737113402062,17.594715483181222,19.18486918049256
2019-09-14,231,11196,1920,1937,22.11172704035528,17.887076820494816,22.73197994469284,22.383804779848244,18.179471713160737,17.594715483181222
2019-09-21,270,11746,1920,1938,21.06522703246268,16.28894229289496,22.11172704035528,22.73197994469284,17.887076820494816,18.179471713160737
2019-09-28,368,12984,1920,1939,19.98679992750058,15.578451350766336,21.06522703246268,22.11172704035528,16.28894229289496,17.887076820494816
2019-10-05,608,15146,1920,1940,17.511203116132695,13.597144742095605,19.98679992750058,21.06522703246268,15.578451350766336,16.28894229289496
2019-10-12,596,16696,1920,1941,13.68121301392873,9.985613806814008,17.511203116132695,19.98679992750058,13.597144742095605,15.578451350766336
2019-10-19,754,17689,1920,1942,12.799560689459131,9.586455035405749,13.68121301392873,17.511203116132695,9.985613806814008,13.597144742095605
2019-10-26,1154,17824,1920,1943,11.724122310305775,9.113417850872413,12.799560689459131,13.68121301392873,9.586455035405749,9.985613806814008
2019-11-02,1490,19126,1920,1944,7.448191260744986,6.901349692229352,11.724122310305775,12.799560689459131,9.113417850872413,9.586455035405749
2019-11-09,2008,21507,1920,1945,6.875623588585506,6.370235312337453,7.448191260744986,11.724122310305775,6.901349692229352,9.113417850872413
2019-11-16,2719,22704,1920,1946,3.549164172943968,5.04973730134591,6.875623588585506,7.448191260744986,6.370235312337453,6.901349692229352
2019-11-23,3407,25354,1920,1947,6.519104693513807,7.013322667181311,3.549164172943968,6.875623588585506,5.04973730134591,6.370235312337453
2019-11-30,4251,25058,1920,1948,5.149326341476078,6.31642013888342,6.519104693513807,3.549164172943968,7.013322667181311,5.04973730134591
2019-12-07,4764,28898,1920,1949,3.952034665631872,5.783609050606448,5.149326341476078,6.519104693513807,6.31642013888342,7.013322667181311
2019-12-14,4770,30144,1920,1950,3.2782001088957453,5.757155254550502,3.952034665631872,5.149326341476078,5.783609050606448,6.31642013888342
2019-12-21,5614,34861,1920,1951,1.0665595103384424,4.500241924811439,3.2782001088957453,3.952034665631872,5.757155254550502,5.783609050606448
2019-12-28,6147,38488,1920,1952,5.357495992139421,6.901060097694347,1.0665595103384424,3.2782001088957453,4.500241924811439,5.757155254550502
2020-01-04,6325,40434,1920,2001,3.873036364454266,5.69948361338015,5.357495992139421,1.0665595103384424,6.901060097694347,4.500241924811439
2020-01-11,4923,37605,1920,2002,3.5726756291288586,5.280504688971355,3.873036364454266,5.357495992139421,5.69948361338015,6.901060097694347
2020-01-18,4529,37303,1920,2003,2.1613130337535584,5.079691489287444,3.5726756291288586,3.873036364454266,5.280504688971355,5.69948361338015
2020-01-25,4219,39374,1920,2004,1.4985790769074625,4.851932256514148,2.1613130337535584,3.5726756291288586,5.079691489287444,5.280504688971355
2020-02-01,3866,41456,1920,2005,3.440876984227449,5.587311065140847,1.4985790769074625,2.1613130337535584,4.851932256514148,5.079691489287444
2020-02-08,3525,41746,1920,2006,2.9363443037974686,5.28572643877364,3.440876984227449,1.4985790769074625,5.587311065140847,4.851932256514148
2020-02-15,3107,40751,1920,2007,2.057750259565955,4.927218341115931,2.9363443037974686,3.440876984227449,5.28572643877364,5.587311065140847
2020-02-22,2608,37952,1920,2008,2.6181795138272794,4.688121507713969,2.057750259565955,2.9363443037974686,4.927218341115931,5.28572643877364
2020-02-29,2307,37897,1920,2009,4.111354142933091,5.109365622079923,2.6181795138272794,2.057750259565955,4.688121507713969,4.927218341115931
2020-03-07,2132,40119,1920,2010,7.528286121866722,6.161232553840584,4.111354142933091,2.6181795138272794,5.109365622079923,4.688121507713969
2020-03-14,2069,49351,1920,2011,8.751453951863944,7.617332516035216,7.528286121866722,4.111354142933091,6.161232553840584,5.109365622079923
2020-03-21,1799,54868,1920,2012,8.314569670574532,7.73366555086309,8.751453951863944,7.528286121866722,7.617332516035216,6.161232553840584
2020-03-28,897,35781,1920,2013,10.52399167449298,8.814672315008778,8.314569670574532,8.751453951863944,7.73366555086309,7.617332516035216
2020-04-04,334,23185,1920,2014,9.577019629808794,7.522408166413449,10.52399167449298,8.314569670574532,8.814672315008778,7.73366555086309
2020-04-11,141,15139,1920,2015,11.98959070880982,8.31535436695272,9.577019629808794,10.52399167449298,7.522408166413449,8.814672315008778
2020-04-18,82,11978,1920,2016,8.848811969063016,6.643924718746124,11.98959070880982,9.577019629808794,8.31535436695272,7.522408166413449
2020-04-25,53,10414,1920,2017,12.982021017362168,8.897420266373455,8.848811969063016,11.98959070880982,6.643924718746124,8.31535436695272
2020-05-02,40,8823,1920,2018,15.790888176601356,10.382576104420584,12.982021017362168,8.848811969063016,8.897420266373455,6.643924718746124
2020-05-09,19,7597,1920,2019,13.290836188300975,8.271357162478212,15.790888176601356,12.982021017362168,10.382576104420584,8.897420266373455
2020-05-16,14,7129,1920,2020,15.596707198692076,10.917741128569642,13.290836188300975,15.790888176601356,8.271357162478212,10.382576104420584
2020-05-23,13,6632,1920,2021,17.904549770330263,13.534856970767889,15.596707198692076,13.290836188300975,10.917741128569642,8.271357162478212
2020-05-30,14,5623,1920,2022,20.80224814150218,15.925788512053131,17.904549770330263,15.596707198692076,13.534856970767889,10.917741128569642
2020-06-06,9,5563,1920,2023,22.38378212347701,16.22432130585785,20.80224814150218,17.904549770330263,15.925788512053131,13.534856970767889
2020-06-13,14,5432,1920,2024,21.60255194855108,14.790528917525169,22.38378212347701,20.80224814150218,16.22432130585785,15.925788512053131
2020-06-20,24,5209,1920,2025,22.19571821429489,16.494854333647222,21.60255194855108,22.38378212347701,14.790528917525169,16.22432130585785
2020-06-27,8,5193,1920,2026,23.93886243726676,18.968905369379897,22.19571821429489,21.60255194855108,16.494854333647222,14.790528917525169
